id,scrape_id,name,symbol,profile_link,market_cap,sector,industry,website,country
9772,3,TV Asahi Holdings Corporation,THDDY,https://finance.yahoo.com/quote/THDDY/,1.998B,,,,
9773,3,Vericel Corporation,VCEL,https://finance.yahoo.com/quote/VCEL/,1.997B,,,,
9774,3,Elekta AB (publ),EKTAF,https://finance.yahoo.com/quote/EKTAF/,1.982B,,,,
9775,3,Top Glove Corporation Bhd.,TPGVF,https://finance.yahoo.com/quote/TPGVF/,1.979B,,,,
9776,3,"Propanc Biopharma, Inc.",PPCB,https://finance.yahoo.com/quote/PPCB/,1.975B,,,,
9777,3,"Empire State Realty OP, L.P.",FISK,https://finance.yahoo.com/quote/FISK/,1.966B,,,,
9778,3,Beach Energy Limited,BEPTF,https://finance.yahoo.com/quote/BEPTF/,1.965B,,,,
9779,3,Pennon Group Plc,PEGRY,https://finance.yahoo.com/quote/PEGRY/,1.963B,,,,
9780,3,Kernel Holding S.A.,KARNF,https://finance.yahoo.com/quote/KARNF/,1.96B,,,,
9781,3,Gold Road Resources Limited,ELKMF,https://finance.yahoo.com/quote/ELKMF/,1.958B,,,,
9782,3,SIA Engineering Company Limited,SEGSY,https://finance.yahoo.com/quote/SEGSY/,1.958B,,,,
9783,3,Select Medical Holdings Corporation,SEM,https://finance.yahoo.com/quote/SEM/,1.953B,,,,
9784,3,Ameren Illinois Company,AILLN,https://finance.yahoo.com/quote/AILLN/,1.952B,,,,
9785,3,"DeNA Co., Ltd.",DNACF,https://finance.yahoo.com/quote/DNACF/,1.945B,,,,
9786,3,"Nippon Suisan Kaisha, Ltd.",NISUF,https://finance.yahoo.com/quote/NISUF/,1.936B,,,,
9787,3,"Dream Finders Homes, Inc.",DFH,https://finance.yahoo.com/quote/DFH/,1.931B,,,,
9788,3,Ameren Illinois Company,AILIM,https://finance.yahoo.com/quote/AILIM/,1.93B,,,,
9789,3,Huntsman Corporation,HUN,https://finance.yahoo.com/quote/HUN/,1.91B,,,,
9790,3,Soitec SA,SLOIY,https://finance.yahoo.com/quote/SLOIY/,1.905B,,,,
9791,3,Thai Union Group Public Company Limited,THFRF,https://finance.yahoo.com/quote/THFRF/,1.901B,,,,
9792,3,Chemring Group PLC,CMGMY,https://finance.yahoo.com/quote/CMGMY/,1.9B,,,,
9793,3,Spark New Zealand Limited,NZTCF,https://finance.yahoo.com/quote/NZTCF/,1.899B,,,,
9794,3,ManpowerGroup Inc.,MAN,https://finance.yahoo.com/quote/MAN/,1.888B,,,,
9795,3,"Cornerstone Strategic Investment Fund, Inc.",CLM,https://finance.yahoo.com/quote/CLM/,1.879B,,,,
9796,3,GCL Technology Holdings Limited,GCPEF,https://finance.yahoo.com/quote/GCPEF/,1.872B,,,,
9797,3,OCI N.V.,OCINF,https://finance.yahoo.com/quote/OCINF/,1.87B,,,,
9798,3,Atlas Energy Solutions Inc.,AESI,https://finance.yahoo.com/quote/AESI/,1.866B,,,,
9799,3,The Foschini Group Limited,FHHGF,https://finance.yahoo.com/quote/FHHGF/,1.855B,,,,
9800,3,Veidekke ASA,VDEKF,https://finance.yahoo.com/quote/VDEKF/,1.855B,,,,
9801,3,Nine Dragons Paper (Holdings) Limited,NDGPY,https://finance.yahoo.com/quote/NDGPY/,1.851B,,,,
9802,3,BLOM Bank SAL,BMBZF,https://finance.yahoo.com/quote/BMBZF/,1.844B,,,,
9803,3,Twist Bioscience Corporation,TWST,https://finance.yahoo.com/quote/TWST/,1.844B,,,,
9804,3,"Amicus Therapeutics, Inc.",FOLD,https://finance.yahoo.com/quote/FOLD/,1.841B,,,,
9805,3,Sims Limited,SMSMY,https://finance.yahoo.com/quote/SMSMY/,1.829B,,,,
9806,3,Franklin Limited Duration Income Trust,FTF,https://finance.yahoo.com/quote/FTF/,1.822B,,,,
9807,3,AVI Limited,AVSFY,https://finance.yahoo.com/quote/AVSFY/,1.811B,,,,
9808,3,Hysan Development Company Limited,HYSNY,https://finance.yahoo.com/quote/HYSNY/,1.811B,,,,
9809,3,Travis Perkins plc,TPRKY,https://finance.yahoo.com/quote/TPRKY/,1.809B,,,,
9810,3,Soitec SA,SLOIF,https://finance.yahoo.com/quote/SLOIF/,1.783B,,,,
9811,3,"Arbor Realty Trust, Inc.",ABR,https://finance.yahoo.com/quote/ABR/,1.782B,,,,
9812,3,"Nuveen Municipal Value Fund, Inc.",NUV,https://finance.yahoo.com/quote/NUV/,1.774B,,,,
9813,3,Worldline SA,WWLNF,https://finance.yahoo.com/quote/WWLNF/,1.762B,,,,
9814,3,The Gabelli Equity Trust Inc.,GAB,https://finance.yahoo.com/quote/GAB/,1.758B,,,,
9815,3,H2O Retailing Corporation,HTOCF,https://finance.yahoo.com/quote/HTOCF/,1.757B,,,,
9816,3,Drägerwerk AG & Co. KGaA,DWRKF,https://finance.yahoo.com/quote/DWRKF/,1.751B,,,,
9817,3,Vtech Holdings Limited,VTKLY,https://finance.yahoo.com/quote/VTKLY/,1.738B,,,,
9818,3,Eaton Vance Tax-Advantaged Dividend Income Fund,EVT,https://finance.yahoo.com/quote/EVT/,1.735B,,,,
9819,3,Morgan Stanley Direct Lending Fund,MSDL,https://finance.yahoo.com/quote/MSDL/,1.732B,,,,
9820,3,"Nippon Shinyaku Co., Ltd.",NPNKF,https://finance.yahoo.com/quote/NPNKF/,1.724B,,,,
9821,3,Top Glove Corporation Bhd.,TGLVY,https://finance.yahoo.com/quote/TGLVY/,1.72B,,,,
9822,3,Bonesupport Holding AB (publ),BOEUF,https://finance.yahoo.com/quote/BOEUF/,1.718B,,,,
9823,3,ProSiebenSat.1 Media SE,PBSFY,https://finance.yahoo.com/quote/PBSFY/,1.703B,,,,
9824,3,Ameren Illinois Company,AILLO,https://finance.yahoo.com/quote/AILLO/,1.7B,,,,
9825,3,"Royce Small-Cap Trust, Inc.",RVT,https://finance.yahoo.com/quote/RVT/,1.699B,,,,
9826,3,"SRH Total Return Fund, Inc.",STEW,https://finance.yahoo.com/quote/STEW/,1.694B,,,,
9827,3,"Nippon Shinyaku Co., Ltd.",NPPNY,https://finance.yahoo.com/quote/NPPNY/,1.69B,,,,
9828,3,TGS ASA,TGSGY,https://finance.yahoo.com/quote/TGSGY/,1.685B,,,,
9829,3,Vossloh AG,VOSSF,https://finance.yahoo.com/quote/VOSSF/,1.682B,,,,
9830,3,"Cohen & Steers Quality Income Realty Fund, Inc.",RQI,https://finance.yahoo.com/quote/RQI/,1.674B,,,,
9831,3,IGO Limited,IIDDY,https://finance.yahoo.com/quote/IIDDY/,1.639B,,,,
9832,3,New World Development Company Limited,NDVLY,https://finance.yahoo.com/quote/NDVLY/,1.636B,,,,
9833,3,NGL Energy Partners LP,NGL-PB,https://finance.yahoo.com/quote/NGL-PB/,1.632B,,,,
9834,3,Tri-Continental Corporation,TY,https://finance.yahoo.com/quote/TY/,1.62B,,,,
9835,3,BlackRock Capital Allocation Term Trust,BCAT,https://finance.yahoo.com/quote/BCAT/,1.618B,,,,
9836,3,ERAMET S.A.,ERMAY,https://finance.yahoo.com/quote/ERMAY/,1.616B,,,,
9837,3,The Gabelli Dividend & Income Trust,GDV-PH,https://finance.yahoo.com/quote/GDV-PH/,1.608B,,,,
9838,3,"Century Communities, Inc.",CCS,https://finance.yahoo.com/quote/CCS/,1.599B,,,,
9839,3,Eaton Vance Tax-Managed Buy-Write Opportunities Fund,ETV,https://finance.yahoo.com/quote/ETV/,1.588B,,,,
9840,3,Nuveen California Quality Municipal Income Fund,NAC,https://finance.yahoo.com/quote/NAC/,1.582B,,,,
9841,3,"Energizer Holdings, Inc.",ENR,https://finance.yahoo.com/quote/ENR/,1.57B,,,,
9842,3,PT XLSMART Telecom Sejahtera Tbk,PTXKY,https://finance.yahoo.com/quote/PTXKY/,1.57B,,,,
9843,3,Perella Weinberg Partners,PWP,https://finance.yahoo.com/quote/PWP/,1.569B,,,,
9844,3,Pimco Dynamic Income Opportunities Fund,PDO,https://finance.yahoo.com/quote/PDO/,1.564B,,,,
9845,3,BlackRock Enhanced Equity Dividend Trust,BDJ,https://finance.yahoo.com/quote/BDJ/,1.561B,,,,
9846,3,"Sweetgreen, Inc.",SG,https://finance.yahoo.com/quote/SG/,1.557B,,,,
9847,3,Federal Agricultural Mortgage Corporation,AGM-A,https://finance.yahoo.com/quote/AGM-A/,1.546B,,,,
9848,3,PennyMac Mortgage Investment Trust,PMT-PB,https://finance.yahoo.com/quote/PMT-PB/,1.544B,,,,
9849,3,Eaton Vance Tax-Advantaged Global Dividend Income Fund,ETG,https://finance.yahoo.com/quote/ETG/,1.541B,,,,
9850,3,AlzChem Group AG,ALZCF,https://finance.yahoo.com/quote/ALZCF/,1.54B,,,,
9851,3,"Keisei Electric Railway Co., Ltd.",KELRF,https://finance.yahoo.com/quote/KELRF/,1.534B,,,,
9852,3,AIXTRON SE,AIXXF,https://finance.yahoo.com/quote/AIXXF/,1.533B,,,,
9853,3,StarHub Ltd,SRHBF,https://finance.yahoo.com/quote/SRHBF/,1.529B,,,,
9854,3,BlackRock Health Sciences Term Trust,BMEZ,https://finance.yahoo.com/quote/BMEZ/,1.523B,,,,
9855,3,Ubisoft Entertainment SA,UBSFF,https://finance.yahoo.com/quote/UBSFF/,1.51B,,,,
9856,3,Beijing Capital International Airport Company Limited,BJCHF,https://finance.yahoo.com/quote/BJCHF/,1.5B,,,,
9857,3,Domino's Pizza Enterprises Limited,DMZPY,https://finance.yahoo.com/quote/DMZPY/,1.499B,,,,
9858,3,"Atresmedia Corporación de Medios de Comunicación, S.A.",AIOSF,https://finance.yahoo.com/quote/AIOSF/,1.479B,,,,
9859,3,VAUDOISE ASSURANCES HOLDING SA,VDASF,https://finance.yahoo.com/quote/VDASF/,1.474B,,,,
9860,3,SAKURA INTERNET INC,SKURF,https://finance.yahoo.com/quote/SKURF/,1.453B,,,,
9861,3,"Konica Minolta, Inc.",KNCAY,https://finance.yahoo.com/quote/KNCAY/,1.446B,,,,
9862,3,BlackRock Science and Technology Term Trust,BSTZ,https://finance.yahoo.com/quote/BSTZ/,1.433B,,,,
9863,3,"Global Net Lease, Inc.",GNL-PA,https://finance.yahoo.com/quote/GNL-PA/,1.433B,,,,
9864,3,FS Credit Opportunities Corp.,FSCO,https://finance.yahoo.com/quote/FSCO/,1.424B,,,,
9865,3,Temple & Webster Group Ltd,TPLWF,https://finance.yahoo.com/quote/TPLWF/,1.42B,,,,
9866,3,DRDGOLD Limited,DRD,https://finance.yahoo.com/quote/DRD/,1.417B,,,,
9867,3,Evotec SE,EVO,https://finance.yahoo.com/quote/EVO/,1.413B,,,,
9868,3,Blackrock Municipal 2030 Target Term Trust,BTT,https://finance.yahoo.com/quote/BTT/,1.409B,,,,
9869,3,Nuveen S&P 500 Buy-Write Income Fund,BXMX,https://finance.yahoo.com/quote/BXMX/,1.407B,,,,
9870,3,--,ANDGF,https://finance.yahoo.com/quote/ANDGF/,1.407B,,,,
9871,3,"BlackRock Corporate High Yield Fund, Inc.",HYT,https://finance.yahoo.com/quote/HYT/,1.404B,,,,
9872,3,Stella International Holdings Limited,SLNLF,https://finance.yahoo.com/quote/SLNLF/,1.397B,,,,
9873,3,Domino's Pizza Group plc,DPUKY,https://finance.yahoo.com/quote/DPUKY/,1.395B,,,,
9874,3,Friedrich Vorwerk Group SE,FRVWY,https://finance.yahoo.com/quote/FRVWY/,1.395B,,,,
9875,3,FRANKLIN BSP CAP CORP,FRBP,https://finance.yahoo.com/quote/FRBP/,1.382B,,,,
9876,3,Leopalace21 Corporation,LEOPF,https://finance.yahoo.com/quote/LEOPF/,1.375B,,,,
9877,3,Juventus Football Club S.p.A.,JVTSF,https://finance.yahoo.com/quote/JVTSF/,1.365B,,,,
9878,3,--,ICOSF,https://finance.yahoo.com/quote/ICOSF/,1.352B,,,,
9879,3,DoubleLine Income Solutions Fund,DSL,https://finance.yahoo.com/quote/DSL/,1.347B,,,,
9880,3,--,NPRRF,https://finance.yahoo.com/quote/NPRRF/,1.342B,,,,
9881,3,Coronado Global Resources Inc.,CODQL,https://finance.yahoo.com/quote/CODQL/,1.338B,,,,
9882,3,"The Gunma Bank, Ltd.",GMBKF,https://finance.yahoo.com/quote/GMBKF/,1.336B,,,,
9883,3,Pacific Basin Shipping Limited,PCFBY,https://finance.yahoo.com/quote/PCFBY/,1.329B,,,,
9884,3,Playtech plc,PYTCF,https://finance.yahoo.com/quote/PYTCF/,1.326B,,,,
9885,3,"Lyra Therapeutics, Inc.",LYRA,https://finance.yahoo.com/quote/LYRA/,1.326B,,,,
9886,3,The Gabelli Equity Trust Inc.,GAB-PH,https://finance.yahoo.com/quote/GAB-PH/,1.313B,,,,
9887,3,Transcontinental Inc.,TCLAF,https://finance.yahoo.com/quote/TCLAF/,1.313B,,,,
9888,3,PT Pabrik Kertas Tjiwi Kimia Tbk,PPKTF,https://finance.yahoo.com/quote/PPKTF/,1.307B,,,,
9889,3,PT AKR Corporindo Tbk,PKCPY,https://finance.yahoo.com/quote/PKCPY/,1.303B,,,,
9890,3,"Prom Resources, Inc.",PRMO,https://finance.yahoo.com/quote/PRMO/,1.298B,,,,
9891,3,"Alliance Global Group, Inc.",ALGGY,https://finance.yahoo.com/quote/ALGGY/,1.297B,,,,
9892,3,BlackRock Science and Technology Trust,BST,https://finance.yahoo.com/quote/BST/,1.279B,,,,
9893,3,Medios AG,MEDOF,https://finance.yahoo.com/quote/MEDOF/,1.275B,,,,
9894,3,"Inaba Denki Sangyo Co.,Ltd.",IBADF,https://finance.yahoo.com/quote/IBADF/,1.27B,,,,
9895,3,"Orbia Advance Corporation, S.A.B. de C.V.",MXCHY,https://finance.yahoo.com/quote/MXCHY/,1.263B,,,,
9896,3,"Hercules Capital, Inc.",HCXY,https://finance.yahoo.com/quote/HCXY/,1.258B,,,,
9897,3,Nuveen Nasdaq 100 Dynamic Overwrite Fund,QQQX,https://finance.yahoo.com/quote/QQQX/,1.239B,,,,
9898,3,Tadano Ltd.,TDNOF,https://finance.yahoo.com/quote/TDNOF/,1.232B,,,,
9899,3,DNO ASA,DTNOF,https://finance.yahoo.com/quote/DTNOF/,1.225B,,,,
9900,3,eDreams ODIGEO S.A.,EDDRF,https://finance.yahoo.com/quote/EDDRF/,1.222B,,,,
9901,3,Open Up Group Inc.,BNXYF,https://finance.yahoo.com/quote/BNXYF/,1.22B,,,,
9902,3,Virtus Convertible & Income Fund,NCV,https://finance.yahoo.com/quote/NCV/,1.22B,,,,
9903,3,--,NKNSF,https://finance.yahoo.com/quote/NKNSF/,1.214B,,,,
9904,3,China Traditional Chinese Medicine Holdings Co. Limited,CHIZF,https://finance.yahoo.com/quote/CHIZF/,1.208B,,,,
9905,3,Eaton Vance Enhanced Equity Income Fund II,EOS,https://finance.yahoo.com/quote/EOS/,1.206B,,,,
9906,3,"Nippon Light Metal Holdings Company, Ltd.",NPPMF,https://finance.yahoo.com/quote/NPPMF/,1.205B,,,,
9907,3,Pilot Corporation,POGHF,https://finance.yahoo.com/quote/POGHF/,1.204B,,,,
9908,3,"Kissei Pharmaceutical Co., Ltd.",KSPHF,https://finance.yahoo.com/quote/KSPHF/,1.199B,,,,
9909,3,Electra Limited,ETRZF,https://finance.yahoo.com/quote/ETRZF/,1.199B,,,,
9910,3,--,ISLCF,https://finance.yahoo.com/quote/ISLCF/,1.19B,,,,
9911,3,Mesoblast Limited,MESO,https://finance.yahoo.com/quote/MESO/,1.185B,,,,
9912,3,"Saul Centers, Inc.",BFS,https://finance.yahoo.com/quote/BFS/,1.185B,,,,
9913,3,Palfinger AG,PLFRF,https://finance.yahoo.com/quote/PLFRF/,1.182B,,,,
9914,3,"Takasago Thermal Engineering Co., Ltd.",TKSNF,https://finance.yahoo.com/quote/TKSNF/,1.181B,,,,
9915,3,SKY Perfect JSAT Holdings Inc.,SKPJY,https://finance.yahoo.com/quote/SKPJY/,1.175B,,,,
9916,3,Nippn Corporation,NPFUF,https://finance.yahoo.com/quote/NPFUF/,1.174B,,,,
9917,3,Siam City Cement Public Company Limited,SICUF,https://finance.yahoo.com/quote/SICUF/,1.173B,,,,
9918,3,Tetragon Financial Group Limited,TGONF,https://finance.yahoo.com/quote/TGONF/,1.173B,,,,
9919,3,DEUTZ Aktiengesellschaft,DEUZF,https://finance.yahoo.com/quote/DEUZF/,1.17B,,,,
9920,3,Air New Zealand Limited,ANZLY,https://finance.yahoo.com/quote/ANZLY/,1.165B,,,,
9921,3,Eaton Vance Limited Duration Income Fund,EVV,https://finance.yahoo.com/quote/EVV/,1.164B,,,,
9922,3,BioPharma Credit PLC,BOPCF,https://finance.yahoo.com/quote/BOPCF/,1.161B,,,,
9923,3,Toshiba Tec Corporation,TSHTY,https://finance.yahoo.com/quote/TSHTY/,1.158B,,,,
9924,3,"Oliveda International, Inc.",OLVI,https://finance.yahoo.com/quote/OLVI/,1.153B,,,,
9925,3,Nuveen Municipal High Income Opportunity Fund,NMZ,https://finance.yahoo.com/quote/NMZ/,1.15B,,,,
9926,3,"DCM Holdings Co., Ltd.",DCMJF,https://finance.yahoo.com/quote/DCMJF/,1.139B,,,,
9927,3,RHÖN-KLINIKUM Aktiengesellschaft,RKAGY,https://finance.yahoo.com/quote/RKAGY/,1.136B,,,,
9928,3,Canoe EIT Income Fund,ENDTF,https://finance.yahoo.com/quote/ENDTF/,1.135B,,,,
9929,3,Golkor Inc.,KATX,https://finance.yahoo.com/quote/KATX/,1.121B,,,,
9930,3,Astronics Corporation,ATRO,https://finance.yahoo.com/quote/ATRO/,1.117B,,,,
9931,3,Nuveen Floating Rate Income Fund,JFR,https://finance.yahoo.com/quote/JFR/,1.117B,,,,
9932,3,Alliance International Education Leasing Holdings Limited,ALCIF,https://finance.yahoo.com/quote/ALCIF/,1.116B,,,,
9933,3,"Kayne Anderson BDC, Inc.",KBDC,https://finance.yahoo.com/quote/KBDC/,1.113B,,,,
9934,3,Third Point Investors Limited,TPNTF,https://finance.yahoo.com/quote/TPNTF/,1.109B,,,,
9935,3,GasLog Partners LP,GLOP-PB,https://finance.yahoo.com/quote/GLOP-PB/,1.107B,,,,
9936,3,First Trust Intermediate Duration Preferred & Income Fund,FPF,https://finance.yahoo.com/quote/FPF/,1.105B,,,,
9937,3,Salvatore Ferragamo S.p.A.,SFRGY,https://finance.yahoo.com/quote/SFRGY/,1.09B,,,,
9938,3,GasLog Partners LP,GLOP-PC,https://finance.yahoo.com/quote/GLOP-PC/,1.087B,,,,
9939,3,Aston Martin Lagonda Global Holdings plc,ARGGY,https://finance.yahoo.com/quote/ARGGY/,1.086B,,,,
9940,3,Adriatic Metals PLC,ADTLF,https://finance.yahoo.com/quote/ADTLF/,1.081B,,,,
9941,3,"Namura Shipbuilding Co., Ltd.",NMRSF,https://finance.yahoo.com/quote/NMRSF/,1.081B,,,,
9942,3,Maruha Nichiro Corporation,MRUHF,https://finance.yahoo.com/quote/MRUHF/,1.07B,,,,
9943,3,Cloetta AB (publ),CLOEF,https://finance.yahoo.com/quote/CLOEF/,1.058B,,,,
9944,3,"Grupo Televisa, S.A.B.",TV,https://finance.yahoo.com/quote/TV/,1.055B,,,,
9945,3,Scandinavian Tobacco Group A/S,SNDVF,https://finance.yahoo.com/quote/SNDVF/,1.053B,,,,
9946,3,BFI FINANCE INDONESIA TBK,PBIIF,https://finance.yahoo.com/quote/PBIIF/,1.053B,,,,
9947,3,PennyMac Mortgage Investment Trust,PMT,https://finance.yahoo.com/quote/PMT/,1.053B,,,,
9948,3,Neuberger Berman Next Generation Connectivity Fund Inc.,NBXG,https://finance.yahoo.com/quote/NBXG/,1.048B,,,,
9949,3,"Cohen & Steers REIT and Preferred Income Fund, Inc.",RNP,https://finance.yahoo.com/quote/RNP/,1.04B,,,,
9950,3,PT Gudang Garam Tbk,GDNGY,https://finance.yahoo.com/quote/GDNGY/,1.034B,,,,
9951,3,PIMCO Dynamic Income Strategy Fund,PDX,https://finance.yahoo.com/quote/PDX/,1.03B,,,,
9952,3,FS Energy and Power Fund,FSEN,https://finance.yahoo.com/quote/FSEN/,1.016B,,,,
9953,3,VinaCapital Vietnam Opportunity Fund Limited,VCVOF,https://finance.yahoo.com/quote/VCVOF/,1.006B,,,,
9954,3,Iluka Resources Limited,ILKAF,https://finance.yahoo.com/quote/ILKAF/,1.002B,,,,
9955,3,BlackRock Credit Allocation Income Trust,BTZ,https://finance.yahoo.com/quote/BTZ/,996.706M,,,,
9956,3,Liberty Latin America Ltd.,LILAK,https://finance.yahoo.com/quote/LILAK/,992.158M,,,,
9957,3,"Coca-Cola Consolidated, Inc.",COKE,https://finance.yahoo.com/quote/COKE/,988.468M,,,,
9958,3,PATRIZIA AG,PTZIF,https://finance.yahoo.com/quote/PTZIF/,984.637M,,,,
9959,3,"The San-in Godo Bank,Ltd.",SGDBF,https://finance.yahoo.com/quote/SGDBF/,979.27M,,,,
9960,3,"SAN-A CO.,LTD.",SNAAF,https://finance.yahoo.com/quote/SNAAF/,975.545M,,,,
9961,3,"BlackRock MuniHoldings California Quality Fund, Inc.",MUC,https://finance.yahoo.com/quote/MUC/,973.862M,,,,
9962,3,BlackRock Taxable Municipal Bond Trust,BBN,https://finance.yahoo.com/quote/BBN/,973.85M,,,,
9963,3,Sabine Royalty Trust,SBR,https://finance.yahoo.com/quote/SBR/,973.022M,,,,
9964,3,Senior plc,SNIRF,https://finance.yahoo.com/quote/SNIRF/,962.705M,,,,
9965,3,"Nihon Chouzai Co.,Ltd.",NHCZF,https://finance.yahoo.com/quote/NHCZF/,958.958M,,,,
9966,3,Nitto Kogyo Corporation,NELEF,https://finance.yahoo.com/quote/NELEF/,955.871M,,,,
9967,3,HKBN Ltd.,HKBNY,https://finance.yahoo.com/quote/HKBNY/,955.774M,,,,
9968,3,ams-OSRAM AG,AMSSY,https://finance.yahoo.com/quote/AMSSY/,943.174M,,,,
9969,3,Okamura Corporation,OKAMF,https://finance.yahoo.com/quote/OKAMF/,941.676M,,,,
9970,3,NB Private Equity Partners Limited,NBPVF,https://finance.yahoo.com/quote/NBPVF/,939.412M,,,,
9971,3,"COSCO SHIPPING International (Hong Kong) Co., Ltd.",CHDGF,https://finance.yahoo.com/quote/CHDGF/,938.221M,,,,
9972,3,"The Hachijuni Bank, Ltd.",HACBY,https://finance.yahoo.com/quote/HACBY/,937.489M,,,,
9973,3,PILLAR Corporation,NLLRF,https://finance.yahoo.com/quote/NLLRF/,936.104M,,,,
9974,3,"Aeva Technologies, Inc.",AEVA,https://finance.yahoo.com/quote/AEVA/,933.25M,,,,
9975,3,AllianceBernstein Global High Income Fund,AWF,https://finance.yahoo.com/quote/AWF/,932.143M,,,,
9976,3,Virtus Convertible & Income Fund II,NCZ,https://finance.yahoo.com/quote/NCZ/,929.374M,,,,
9977,3,Molten Ventures Ord,GRWXF,https://finance.yahoo.com/quote/GRWXF/,922.317M,,,,
9978,3,Peijia Medical Limited,PEJMF,https://finance.yahoo.com/quote/PEJMF/,922.082M,,,,
9979,3,Eaton Vance Tax-Managed Global Buy-Write Opportunities Fund,ETW,https://finance.yahoo.com/quote/ETW/,919.527M,,,,
9980,3,"Kintetsu Department Store Co., Ltd.",KNTTF,https://finance.yahoo.com/quote/KNTTF/,914.18M,,,,
9981,3,Mader Group Limited,MADGF,https://finance.yahoo.com/quote/MADGF/,908.942M,,,,
9982,3,Abrdn Total Dynamic Dividend Fund,AOD,https://finance.yahoo.com/quote/AOD/,901.435M,,,,
9983,3,Mullen Group Ltd.,MLLGF,https://finance.yahoo.com/quote/MLLGF/,893.129M,,,,
9984,3,"Innovative Industrial Properties, Inc.",IIPR-PA,https://finance.yahoo.com/quote/IIPR-PA/,892.141M,,,,
9985,3,Ain Holdings Inc.,AINPF,https://finance.yahoo.com/quote/AINPF/,886.906M,,,,
9986,3,"BlackRock Enhanced Large Cap Core Fund, Inc.",CII,https://finance.yahoo.com/quote/CII/,878.512M,,,,
9987,3,Charter Hall Social Infrastructure REIT,FKKEF,https://finance.yahoo.com/quote/FKKEF/,875.228M,,,,
9988,3,Nuveen Churchill Direct Lending Corp.,NCDL,https://finance.yahoo.com/quote/NCDL/,871.223M,,,,
9989,3,Mitsubishi Logistics Corporation,MILGF,https://finance.yahoo.com/quote/MILGF/,870.075M,,,,
9990,3,Rockwool A/S,RKWBF,https://finance.yahoo.com/quote/RKWBF/,868.951M,,,,
9991,3,SUSS MicroTec SE,SESMF,https://finance.yahoo.com/quote/SESMF/,864.976M,,,,
9992,3,"Cornerstone Total Return Fund, Inc.",CRF,https://finance.yahoo.com/quote/CRF/,856.578M,,,,
9993,3,Nuveen New York AMT-Free Quality Municipal Income Fund,NRK,https://finance.yahoo.com/quote/NRK/,854.906M,,,,
9994,3,"Kuo, S.A.B. de C.V.",GKSDF,https://finance.yahoo.com/quote/GKSDF/,851.304M,,,,
9995,3,"General American Investors Company, Inc.",GAM-PB,https://finance.yahoo.com/quote/GAM-PB/,847.547M,,,,
9996,3,Berjaya Sports Toto Berhad,BJSAF,https://finance.yahoo.com/quote/BJSAF/,837.346M,,,,
9997,3,--,TRSNF,https://finance.yahoo.com/quote/TRSNF/,820.665M,,,,
9998,3,Better Collective A/S,BTRCF,https://finance.yahoo.com/quote/BTRCF/,819.245M,,,,
9999,3,"Hovnanian Enterprises, Inc. PFD DEP1/1000A",HOVNP,https://finance.yahoo.com/quote/HOVNP/,817.881M,,,,
10000,3,Virtus Artificial Intelligence & Technology Opportunities Fund,AIO,https://finance.yahoo.com/quote/AIO/,815.599M,,,,
10001,3,"D&L Industries, Inc.",DLNDY,https://finance.yahoo.com/quote/DLNDY/,814.167M,,,,
10002,3,PT Aspirasi Hidup Indonesia Tbk,ACEHF,https://finance.yahoo.com/quote/ACEHF/,812.233M,,,,
10003,3,Eaton Vance Enhanced Equity Income Fund,EOI,https://finance.yahoo.com/quote/EOI/,811.596M,,,,
10004,3,John Hancock Tax-Advantaged Dividend Income Fund,HTD,https://finance.yahoo.com/quote/HTD/,810.68M,,,,
10005,3,Resolute Mining Limited,RMGGF,https://finance.yahoo.com/quote/RMGGF/,804.249M,,,,
10006,3,SMA Solar Technology AG,SMTGY,https://finance.yahoo.com/quote/SMTGY/,801.704M,,,,
10007,3,Stratec SE,SRBZF,https://finance.yahoo.com/quote/SRBZF/,797.166M,,,,
10008,3,Dr. Martens plc,DRMTY,https://finance.yahoo.com/quote/DRMTY/,794.309M,,,,
10009,3,--,IUSPF,https://finance.yahoo.com/quote/IUSPF/,792.099M,,,,
10010,3,"BlackRock MuniYield Quality Fund, Inc.",MQY,https://finance.yahoo.com/quote/MQY/,790.888M,,,,
10011,3,Ford Otomotiv Sanayi A.S.,FOVSY,https://finance.yahoo.com/quote/FOVSY/,782.529M,,,,
10012,3,Abrdn Healthcare Investors,HQH,https://finance.yahoo.com/quote/HQH/,776.584M,,,,
10013,3,Global One Real Estate Investment Corp.,GBRSF,https://finance.yahoo.com/quote/GBRSF/,772.418M,,,,
10014,3,Biglari Holdings Inc.,BH,https://finance.yahoo.com/quote/BH/,770.032M,,,,
10015,3,"Noritsu Koki Co., Ltd.",NKOKF,https://finance.yahoo.com/quote/NKOKF/,766.824M,,,,
10016,3,Pharming Group N.V.,PHAR,https://finance.yahoo.com/quote/PHAR/,762.743M,,,,
10017,3,Western Asset Diversified Income Fund,WDI,https://finance.yahoo.com/quote/WDI/,761.804M,,,,
10018,3,Abrdn Healthcare Opportunities Fund,THQ,https://finance.yahoo.com/quote/THQ/,758.884M,,,,
10019,3,AB Dynamics plc,ABDDF,https://finance.yahoo.com/quote/ABDDF/,754.938M,,,,
10020,3,PIMCO High Income Fund,PHK,https://finance.yahoo.com/quote/PHK/,754.585M,,,,
10021,3,Flaherty & Crumrine Preferred Securities Income Fund Inc.,FFC,https://finance.yahoo.com/quote/FFC/,753.984M,,,,
10022,3,DoubleLine Yield Opportunities Fund,DLY,https://finance.yahoo.com/quote/DLY/,752.899M,,,,
10023,3,Blackrock Resources & Commodities Strategy Trust,BCX,https://finance.yahoo.com/quote/BCX/,744.236M,,,,
10024,3,PIMCO Corporate & Income Strategy Fund,PCN,https://finance.yahoo.com/quote/PCN/,738.341M,,,,
10025,3,NYLI CBRE Global Infrastructure Megatrends Term Fund,MEGI,https://finance.yahoo.com/quote/MEGI/,738.034M,,,,
10026,3,Compass Diversified,CODI-PB,https://finance.yahoo.com/quote/CODI-PB/,726.736M,,,,
10027,3,Yokogawa Bridge Holdings Corp.,YGWAF,https://finance.yahoo.com/quote/YGWAF/,724.062M,,,,
10028,3,W.T.B. Financial Corporation,WTBFB,https://finance.yahoo.com/quote/WTBFB/,723.847M,,,,
10029,3,"Sanyo Chemical Industries,Ltd.",SYCHF,https://finance.yahoo.com/quote/SYCHF/,720.084M,,,,
10030,3,Nuveen Credit Strategies Income Fund,JQC,https://finance.yahoo.com/quote/JQC/,716.016M,,,,
10031,3,"SBS Holdings, Inc.",SBSOF,https://finance.yahoo.com/quote/SBSOF/,714.913M,,,,
10032,3,Brookfield Real Assets Income Fund Inc.,RA,https://finance.yahoo.com/quote/RA/,714.779M,,,,
10033,3,Creative Media & Community Trust Corporation,CMCT,https://finance.yahoo.com/quote/CMCT/,713.458M,,,,
10034,3,--,ASNFF,https://finance.yahoo.com/quote/ASNFF/,711.953M,,,,
10035,3,"Armada Hoffler Properties, Inc.",AHH,https://finance.yahoo.com/quote/AHH/,706.479M,,,,
10036,3,"JAFCO Group Co., Ltd.",JFKOF,https://finance.yahoo.com/quote/JFKOF/,699.566M,,,,
10037,3,Compass Diversified,CODI-PA,https://finance.yahoo.com/quote/CODI-PA/,697.577M,,,,
10038,3,"BlackRock MuniYield Quality Fund III, Inc.",MYI,https://finance.yahoo.com/quote/MYI/,695.248M,,,,
10039,3,Leo Lithium Limited,LLLAF,https://finance.yahoo.com/quote/LLLAF/,695.128M,,,,
10040,3,Duni AB (publ),DUNIY,https://finance.yahoo.com/quote/DUNIY/,691.825M,,,,
10041,3,Bel Fuse Inc.,BELFA,https://finance.yahoo.com/quote/BELFA/,691.666M,,,,
10042,3,Nuveen Select Tax-Free Income Portfolio,NXP,https://finance.yahoo.com/quote/NXP/,689.207M,,,,
10043,3,"GAMCO Global Gold, Natural Resources & Income Trust",GGN,https://finance.yahoo.com/quote/GGN/,685.638M,,,,
10044,3,IperionX Limited,IPX,https://finance.yahoo.com/quote/IPX/,680.974M,,,,
10045,3,Federal Agricultural Mortgage Corporation,AGM-PD,https://finance.yahoo.com/quote/AGM-PD/,679.826M,,,,
10046,3,"The Bank of Nagoya, Ltd.",BNGYF,https://finance.yahoo.com/quote/BNGYF/,674.942M,,,,
10047,3,Predictive Discovery Limited,PDIYF,https://finance.yahoo.com/quote/PDIYF/,673.533M,,,,
10048,3,Jupiter Fund Management Plc,JFHHF,https://finance.yahoo.com/quote/JFHHF/,671.079M,,,,
10049,3,John Hancock Financial Opportunities Fund,BTO,https://finance.yahoo.com/quote/BTO/,670.555M,,,,
10050,3,Seneca Foods Corporation,SENEA,https://finance.yahoo.com/quote/SENEA/,665.98M,,,,
10051,3,PIMCO Access Income Fund,PAXS,https://finance.yahoo.com/quote/PAXS/,665.56M,,,,
10052,3,Scilex Holding Company,SCLX,https://finance.yahoo.com/quote/SCLX/,657.547M,,,,
10053,3,Gladstone Commercial Corporation,GOODO,https://finance.yahoo.com/quote/GOODO/,656.698M,,,,
10054,3,BlackRock Enhanced Global Dividend Trust,BOE,https://finance.yahoo.com/quote/BOE/,654.481M,,,,
10055,3,"X4 Pharmaceuticals, Inc.",XFOR,https://finance.yahoo.com/quote/XFOR/,649.78M,,,,
10056,3,John Hancock Premium Dividend Fund,PDT,https://finance.yahoo.com/quote/PDT/,646.294M,,,,
10057,3,Irish Residential Properties REIT Plc,RSHPF,https://finance.yahoo.com/quote/RSHPF/,646.086M,,,,
10058,3,"YiChang HEC ChangJiang Pharmaceutical Co., Ltd.",YIHCF,https://finance.yahoo.com/quote/YIHCF/,643.126M,,,,
10059,3,Sinovac Biotech Ltd.,SVA,https://finance.yahoo.com/quote/SVA/,642.437M,,,,
10060,3,PIMCO Income Strategy Fund II,PFN,https://finance.yahoo.com/quote/PFN/,641.137M,,,,
10061,3,Costamare Inc.,CMRE-PB,https://finance.yahoo.com/quote/CMRE-PB/,639.751M,,,,
10062,3,"Cantaloupe, Inc.",CTLP,https://finance.yahoo.com/quote/CTLP/,639.359M,,,,
10063,3,EvoAir Holdings Inc.,EVOH,https://finance.yahoo.com/quote/EVOH/,625.154M,,,,
10064,3,Costamare Inc.,CMRE-PC,https://finance.yahoo.com/quote/CMRE-PC/,621.712M,,,,
10065,3,"eGuarantee, Inc.",EGTIF,https://finance.yahoo.com/quote/EGTIF/,621.638M,,,,
10066,3,PT Aspirasi Hidup Indonesia Tbk,PHDWY,https://finance.yahoo.com/quote/PHDWY/,619.758M,,,,
10067,3,Costamare Inc.,CMRE-PD,https://finance.yahoo.com/quote/CMRE-PD/,618.837M,,,,
10068,3,Invesco Municipal Opportunity Trust,VMO,https://finance.yahoo.com/quote/VMO/,618.431M,,,,
10069,3,"The India Fund, Inc.",IFN,https://finance.yahoo.com/quote/IFN/,618.208M,,,,
10070,3,Digital China Holdings Limited,DCHIY,https://finance.yahoo.com/quote/DCHIY/,618.133M,,,,
10071,3,"Customers Bancorp, Inc.",CUBI-PF,https://finance.yahoo.com/quote/CUBI-PF/,618.095M,,,,
10072,3,Alaris Equity Partners Income Trust,ADLRF,https://finance.yahoo.com/quote/ADLRF/,614.702M,,,,
10073,3,Ginebra San Miguel Inc.,GBSMF,https://finance.yahoo.com/quote/GBSMF/,614.39M,,,,
10074,3,Boozt AB (publ),BOZTY,https://finance.yahoo.com/quote/BOZTY/,612.85M,,,,
10075,3,"Ultimate Holdings Group, Inc.",UHGI,https://finance.yahoo.com/quote/UHGI/,611.6M,,,,
10076,3,Donegal Group Inc.,DGICB,https://finance.yahoo.com/quote/DGICB/,609.608M,,,,
10077,3,"The Nisshin OilliO Group,Ltd.",NSOMF,https://finance.yahoo.com/quote/NSOMF/,606.484M,,,,
10078,3,"Customers Bancorp, Inc.",CUBI-PE,https://finance.yahoo.com/quote/CUBI-PE/,605.469M,,,,
10079,3,Kiwetinohk Energy Corp.,KWTEF,https://finance.yahoo.com/quote/KWTEF/,602.092M,,,,
10080,3,Thornburg Income Builder Opportunities Trust,TBLD,https://finance.yahoo.com/quote/TBLD/,599.29M,,,,
10081,3,Nuveen Dynamic Municipal Opportunities Fund,NDMO,https://finance.yahoo.com/quote/NDMO/,599.196M,,,,
10082,3,"CURVES HOLDINGS Co., Ltd.",CURHF,https://finance.yahoo.com/quote/CURHF/,597.47M,,,,
10083,3,Eaton Vance Risk-Managed Diversified Equity Income Fund,ETJ,https://finance.yahoo.com/quote/ETJ/,595.621M,,,,
10084,3,"Cohen & Steers Limited Duration Preferred and Income Fund, Inc.",LDP,https://finance.yahoo.com/quote/LDP/,594.088M,,,,
10085,3,ClearBridge Energy Midstream Opportunity Fund Inc,EMO,https://finance.yahoo.com/quote/EMO/,593.842M,,,,
10086,3,Sun Hung Kai & Co. Limited,SHGKY,https://finance.yahoo.com/quote/SHGKY/,589.006M,,,,
10087,3,The Gabelli Multimedia Trust Inc. 5.125% PFD SER E,GGT-PE,https://finance.yahoo.com/quote/GGT-PE/,588.797M,,,,
10088,3,Meren Energy Inc.,AOIFF,https://finance.yahoo.com/quote/AOIFF/,587.328M,,,,
10089,3,Mizuno Corporation,MIZUF,https://finance.yahoo.com/quote/MIZUF/,584.715M,,,,
10090,3,"New York Mortgage Trust, Inc.",NYMT,https://finance.yahoo.com/quote/NYMT/,581.52M,,,,
10091,3,"BlackRock MuniHoldings Fund, Inc.",MHD,https://finance.yahoo.com/quote/MHD/,581.379M,,,,
10092,3,Nuveen Municipal Credit Opportunities Fund,NMCO,https://finance.yahoo.com/quote/NMCO/,579.256M,,,,
10093,3,"BlackRock MuniHoldings New Jersey Quality Fund, Inc.",MUJ,https://finance.yahoo.com/quote/MUJ/,579.186M,,,,
10094,3,Senvest Capital Inc.,SVCTF,https://finance.yahoo.com/quote/SVCTF/,578.46M,,,,
10095,3,Invesco Senior Income Trust,VVR,https://finance.yahoo.com/quote/VVR/,578.073M,,,,
10096,3,BlackRock Enhanced International Dividend Trust,BGY,https://finance.yahoo.com/quote/BGY/,570.948M,,,,
10097,3,Ya-Man Ltd.,YAMNF,https://finance.yahoo.com/quote/YAMNF/,570.342M,,,,
10098,3,Tuas Limited,TUALF,https://finance.yahoo.com/quote/TUALF/,564.319M,,,,
10099,3,"Doshisha Co.,Ltd.",DSHIF,https://finance.yahoo.com/quote/DSHIF/,560.499M,,,,
10100,3,Nuveen California AMT-Free Quality Municipal Income Fund,NKX,https://finance.yahoo.com/quote/NKX/,559.48M,,,,
10101,3,BlackRock Multi-Sector Income Trust,BIT,https://finance.yahoo.com/quote/BIT/,552.29M,,,,
10102,3,Invesco Value Municipal Income Trust,IIM,https://finance.yahoo.com/quote/IIM/,547.405M,,,,
10103,3,"BlackRock Utilities, Infrastructure & Power Opportunities Trust",BUI,https://finance.yahoo.com/quote/BUI/,545.253M,,,,
10104,3,Eaton Vance Municipal Bond Fund,EIM,https://finance.yahoo.com/quote/EIM/,543.041M,,,,
10105,3,"Ryosan Company, Limited",RYSVF,https://finance.yahoo.com/quote/RYSVF/,539.994M,,,,
10106,3,"PGIM Global High Yield Fund, Inc",GHY,https://finance.yahoo.com/quote/GHY/,538.559M,,,,
10107,3,Calamos Dynamic Convertible and Income Fund,CCD,https://finance.yahoo.com/quote/CCD/,537.862M,,,,
10108,3,JG Boswell Company,BWEL,https://finance.yahoo.com/quote/BWEL/,535.2M,,,,
10109,3,BlackRock Core Bond Trust,BHK,https://finance.yahoo.com/quote/BHK/,535.175M,,,,
10110,3,Silex Systems Limited,SILXY,https://finance.yahoo.com/quote/SILXY/,533.319M,,,,
10111,3,"Hovnanian Enterprises, Inc.",HOV,https://finance.yahoo.com/quote/HOV/,531.767M,,,,
10112,3,Blackstone Strategic Credit 2027 Term Fund,BGB,https://finance.yahoo.com/quote/BGB/,530.166M,,,,
10113,3,Elixirr International plc,ELXXF,https://finance.yahoo.com/quote/ELXXF/,527.843M,,,,
10114,3,1399 Internet Technology Application Group Inc.,YSGG,https://finance.yahoo.com/quote/YSGG/,527.745M,,,,
10115,3,Schoeller-Bleckmann Oilfield Equipment Aktiengesellschaft,SBOEY,https://finance.yahoo.com/quote/SBOEY/,526.367M,,,,
10116,3,First Trust High Yield Opportunities 2027 Term Fund,FTHY,https://finance.yahoo.com/quote/FTHY/,525.486M,,,,
10117,3,Opthea Limited,OPT,https://finance.yahoo.com/quote/OPT/,524.755M,,,,
10118,3,"The Japan Wool Textile Co., Ltd.",JWTXF,https://finance.yahoo.com/quote/JWTXF/,524.216M,,,,
10119,3,Permian Basin Royalty Trust,PBT,https://finance.yahoo.com/quote/PBT/,523.883M,,,,
10120,3,Boyaa Interactive International Limited,BOYAF,https://finance.yahoo.com/quote/BOYAF/,523.495M,,,,
10121,3,Western Asset Inflation-Linked Opportunities & Income Fund,WIW,https://finance.yahoo.com/quote/WIW/,521.9M,,,,
10122,3,"GAMCO Global Gold, Natural Resources & Income Trust",GGN-PB,https://finance.yahoo.com/quote/GGN-PB/,521.704M,,,,
10123,3,--,ZGBEF,https://finance.yahoo.com/quote/ZGBEF/,519.291M,,,,
10124,3,Invesco Municipal Trust,VKQ,https://finance.yahoo.com/quote/VKQ/,513.513M,,,,
10125,3,ASOS Plc,ASOMY,https://finance.yahoo.com/quote/ASOMY/,512.496M,,,,
10126,3,Nuveen Dow 30 Dynamic Overwrite Fund,DIAX,https://finance.yahoo.com/quote/DIAX/,511.682M,,,,
10127,3,Crawford & Company,CRD-A,https://finance.yahoo.com/quote/CRD-A/,509.02M,,,,
10128,3,Mi Technovation Berhad,MITNF,https://finance.yahoo.com/quote/MITNF/,508.953M,,,,
10129,3,Guggenheim Active Allocation Fund,GUG,https://finance.yahoo.com/quote/GUG/,504.596M,,,,
10130,3,--,PLSNF,https://finance.yahoo.com/quote/PLSNF/,504.262M,,,,
10131,3,BlackRock Limited Duration Income Trust,BLW,https://finance.yahoo.com/quote/BLW/,501.363M,,,,
10132,3,Fondul Proprietatea SA,FDLPF,https://finance.yahoo.com/quote/FDLPF/,500.152M,,,,
10133,3,Duni AB (publ),DUNNF,https://finance.yahoo.com/quote/DUNNF/,496.563M,,,,
10134,3,"BlackRock Debt Strategies Fund, Inc.",DSU,https://finance.yahoo.com/quote/DSU/,496.379M,,,,
10135,3,Invesco Quality Municipal Income Trust,IQI,https://finance.yahoo.com/quote/IQI/,496.05M,,,,
10136,3,Valid Soluções S.A.,VSSPY,https://finance.yahoo.com/quote/VSSPY/,494.513M,,,,
10137,3,Invesco California Value Municipal Income Trust,VCV,https://finance.yahoo.com/quote/VCV/,494.23M,,,,
10138,3,PIMCO Municipal Income Fund II,PML,https://finance.yahoo.com/quote/PML/,494.142M,,,,
10139,3,Abrdn Global Infrastructure Income Fund,ASGI,https://finance.yahoo.com/quote/ASGI/,494.049M,,,,
10140,3,BlackRock Health Sciences Trust,BME,https://finance.yahoo.com/quote/BME/,492.153M,,,,
10141,3,KITZ Corporation,KITZF,https://finance.yahoo.com/quote/KITZF/,487.066M,,,,
10142,3,Porvair plc,PVARF,https://finance.yahoo.com/quote/PVARF/,486.46M,,,,
10143,3,Neuberger Berman Energy Infrastructure and Income Fund Inc.,NML,https://finance.yahoo.com/quote/NML/,485.567M,,,,
10144,3,Chesnara plc,CSNRF,https://finance.yahoo.com/quote/CSNRF/,484.663M,,,,
10145,3,Restar Corporation,RTARF,https://finance.yahoo.com/quote/RTARF/,484.578M,,,,
10146,3,Fox-Wizel Ltd.,FXWZF,https://finance.yahoo.com/quote/FXWZF/,477.466M,,,,
10147,3,Happinet Corporation,HAPYF,https://finance.yahoo.com/quote/HAPYF/,477.286M,,,,
10148,3,Heidelberger Druckmaschinen Aktiengesellschaft,HBGRY,https://finance.yahoo.com/quote/HBGRY/,476.374M,,,,
10149,3,BlackRock Municipal Income Trust II,BLE,https://finance.yahoo.com/quote/BLE/,475.362M,,,,
10150,3,Columbia Seligman Premium Technology Growth Fund,STK,https://finance.yahoo.com/quote/STK/,472.95M,,,,
10151,3,Destiny Tech100 Inc.,DXYZ,https://finance.yahoo.com/quote/DXYZ/,471.861M,,,,
10152,3,"Summit Hotel Properties, Inc.",INN,https://finance.yahoo.com/quote/INN/,471.618M,,,,
10153,3,Duff & Phelps Utility and Infrastructure Fund Inc.,DPG,https://finance.yahoo.com/quote/DPG/,469.253M,,,,
10154,3,MEC Company Ltd.,MECGF,https://finance.yahoo.com/quote/MECGF/,468.123M,,,,
10155,3,Nuveen New Jersey Quality Municipal Income Fund,NXJ,https://finance.yahoo.com/quote/NXJ/,467.581M,,,,
10156,3,EQV Ventures Acquisition Corp.,EQV,https://finance.yahoo.com/quote/EQV/,465.337M,,,,
10157,3,PostNL N.V.,TNTFF,https://finance.yahoo.com/quote/TNTFF/,461.905M,,,,
10158,3,Nuveen Taxable Municipal Income Fund,NBB,https://finance.yahoo.com/quote/NBB/,460.029M,,,,
10159,3,"PGIM High Yield Bond Fund, Inc.",ISD,https://finance.yahoo.com/quote/ISD/,457.612M,,,,
10160,3,Nuveen Variable Rate Preferred & Income Fund,NPFD,https://finance.yahoo.com/quote/NPFD/,456.46M,,,,
10161,3,"BlackRock MuniYield Fund, Inc.",MYD,https://finance.yahoo.com/quote/MYD/,456.42M,,,,
10162,3,"UMH Properties, Inc.",UMH-PD,https://finance.yahoo.com/quote/UMH-PD/,454.118M,,,,
10163,3,John Hancock Preferred Income Fund III,HPS,https://finance.yahoo.com/quote/HPS/,453.225M,,,,
10164,3,Palmer Square Capital BDC Inc.,PSBD,https://finance.yahoo.com/quote/PSBD/,452.808M,,,,
10165,3,"BlackRock Floating Rate Income Strategies Fund, Inc.",FRA,https://finance.yahoo.com/quote/FRA/,449.563M,,,,
10166,3,"Ramaco Resources, Inc.",METC,https://finance.yahoo.com/quote/METC/,448.356M,,,,
10167,3,Voya Global Equity Dividend and Premium Opportunity Fund,IGD,https://finance.yahoo.com/quote/IGD/,447.184M,,,,
10168,3,NGL Energy Partners LP,NGL,https://finance.yahoo.com/quote/NGL/,446.204M,,,,
10169,3,"Celadon Group, Inc.",CGIP,https://finance.yahoo.com/quote/CGIP/,444.301M,,,,
10170,3,"Royce Micro-Cap Trust, Inc.",RMT,https://finance.yahoo.com/quote/RMT/,442.455M,,,,
10171,3,Invesco Mortgage Capital Inc.,IVR,https://finance.yahoo.com/quote/IVR/,442.117M,,,,
10172,3,"Inland Real Estate Income Trust, Inc.",INRE,https://finance.yahoo.com/quote/INRE/,439.084M,,,,
10173,3,--,STCPF,https://finance.yahoo.com/quote/STCPF/,437.036M,,,,
10174,3,boohoo group plc,BHOOY,https://finance.yahoo.com/quote/BHOOY/,433.851M,,,,
10175,3,"Eco Bright Future, Inc.",EBFI,https://finance.yahoo.com/quote/EBFI/,431.96M,,,,
10176,3,Tsugami Corporation,TSGMY,https://finance.yahoo.com/quote/TSGMY/,431.585M,,,,
10177,3,Bleichroeder Acquisition Corp. I,BACQ,https://finance.yahoo.com/quote/BACQ/,431.019M,,,,
10178,3,Eaton Vance Tax-Advantaged Global Dividend Opportunities Fund,ETO,https://finance.yahoo.com/quote/ETO/,429.368M,,,,
10179,3,Virtus Convertible & Income Fund,NCV-PA,https://finance.yahoo.com/quote/NCV-PA/,428.039M,,,,
10180,3,"AG Mortgage Investment Trust, Inc.",MITT-PB,https://finance.yahoo.com/quote/MITT-PB/,426.347M,,,,
10181,3,SYNTHOMER PLC UNSP ADR EACH REP,SYHMY,https://finance.yahoo.com/quote/SYHMY/,422.821M,,,,
10182,3,Oxford Lane Capital Corp.,OXLCO,https://finance.yahoo.com/quote/OXLCO/,421.878M,,,,
10183,3,John Hancock Preferred Income Fund,HPI,https://finance.yahoo.com/quote/HPI/,420.204M,,,,
10184,3,"Osaka Steel Co., Ltd.",OSKXF,https://finance.yahoo.com/quote/OSKXF/,418.932M,,,,
10185,3,BlackRock Municipal Income Trust,BFK,https://finance.yahoo.com/quote/BFK/,418.813M,,,,
10186,3,Nuveen Multi-Asset Income Fund,NMAI,https://finance.yahoo.com/quote/NMAI/,417.486M,,,,
10187,3,Yurtec Corporation,YRCCF,https://finance.yahoo.com/quote/YRCCF/,417.36M,,,,
10188,3,The Gabelli Utility Trust,GUT,https://finance.yahoo.com/quote/GUT/,417.141M,,,,
10189,3,"BlackRock MuniVest Fund, Inc.",MVF,https://finance.yahoo.com/quote/MVF/,414.463M,,,,
10190,3,Nuveen Pennsylvania Quality Municipal Income Fund,NQP,https://finance.yahoo.com/quote/NQP/,413.118M,,,,
10191,3,"Solidion Technology, Inc.",STI,https://finance.yahoo.com/quote/STI/,411.672M,,,,
10192,3,Flaherty & Crumrine Dynamic Preferred and Income Fund Inc.,DFP,https://finance.yahoo.com/quote/DFP/,411.173M,,,,
10193,3,Eaton Vance Tax-Managed Buy-Write Income Fund,ETB,https://finance.yahoo.com/quote/ETB/,410.952M,,,,
10194,3,ABIVAX Société Anonyme,ABVX,https://finance.yahoo.com/quote/ABVX/,408.983M,,,,
10195,3,Schweizerische Nationalbank,SWZNF,https://finance.yahoo.com/quote/SWZNF/,408.766M,,,,
10196,3,Strix Group Plc,STXXF,https://finance.yahoo.com/quote/STXXF/,406.794M,,,,
10197,3,Eaton Vance Municipal Income Trust,EVN,https://finance.yahoo.com/quote/EVN/,405.002M,,,,
10198,3,Wells Fargo Advantage Funds - Allspring Income Opportunities Fund,EAD,https://finance.yahoo.com/quote/EAD/,404.782M,,,,
10199,3,"Gray Media, Inc.",GTN,https://finance.yahoo.com/quote/GTN/,403.586M,,,,
10200,3,Sanden Corporation,SAEOF,https://finance.yahoo.com/quote/SAEOF/,401.224M,,,,
10201,3,XAI Octagon Floating Rate & Alternative Income Trust,XFLT,https://finance.yahoo.com/quote/XFLT/,400.823M,,,,
10202,3,PGIM Short Duration High Yield Opportunities Fund,SDHY,https://finance.yahoo.com/quote/SDHY/,400.444M,,,,
10203,3,Abrdn World Healthcare Fund,THW,https://finance.yahoo.com/quote/THW/,395.832M,,,,
10204,3,"Guaranty Bancorp, Inc.",GUAA,https://finance.yahoo.com/quote/GUAA/,395.722M,,,,
10205,3,Barings Corporate Investors,MCI,https://finance.yahoo.com/quote/MCI/,395.514M,,,,
10206,3,"Kelly Services, Inc.",KELYB,https://finance.yahoo.com/quote/KELYB/,394.662M,,,,
10207,3,"BlackRock MuniAssets Fund, Inc.",MUA,https://finance.yahoo.com/quote/MUA/,394.07M,,,,
10208,3,RWS Holdings plc,RWSPF,https://finance.yahoo.com/quote/RWSPF/,393.942M,,,,
10209,3,Hellenic Exchanges - Athens Stock Exchange S.A.,HEHSF,https://finance.yahoo.com/quote/HEHSF/,390.286M,,,,
10210,3,Tai Cheung Holdings Limited,TAICF,https://finance.yahoo.com/quote/TAICF/,389.44M,,,,
10211,3,Nel ASA,NLLSF,https://finance.yahoo.com/quote/NLLSF/,384.309M,,,,
10212,3,"WPF Holdings, Inc.",WPFH,https://finance.yahoo.com/quote/WPFH/,380.026M,,,,
10213,3,Hosken Consolidated Investments Limited,HKCIF,https://finance.yahoo.com/quote/HKCIF/,378.479M,,,,
10214,3,Vine Hill Capital Investment Corp.,VCIC,https://finance.yahoo.com/quote/VCIC/,378.4M,,,,
10215,3,Audioboom Group plc,ADBMF,https://finance.yahoo.com/quote/ADBMF/,371.691M,,,,
10216,3,Guggenheim Taxable Municipal Bond & Investment Grade Debt Trust,GBAB,https://finance.yahoo.com/quote/GBAB/,369.79M,,,,
10217,3,Aquiva Group Inc.,BHPA,https://finance.yahoo.com/quote/BHPA/,369.365M,,,,
10218,3,Invesco Advantage Municipal Income Trust II,VKI,https://finance.yahoo.com/quote/VKI/,367.682M,,,,
10219,3,FMS Enterprises Migun Ltd,FTCFF,https://finance.yahoo.com/quote/FTCFF/,366.042M,,,,
10220,3,"BlackRock MuniYield New York Quality Fund, Inc.",MYN,https://finance.yahoo.com/quote/MYN/,365.125M,,,,
10221,3,"BNY Mellon Strategic Municipals, Inc.",LEO,https://finance.yahoo.com/quote/LEO/,360.041M,,,,
10222,3,Colombier Acquisition Corp. II,CLBR,https://finance.yahoo.com/quote/CLBR/,359.125M,,,,
10223,3,Gladstone Land Corporation,LAND,https://finance.yahoo.com/quote/LAND/,357.143M,,,,
10224,3,Nuveen Real Asset Income and Growth Fund,JRI,https://finance.yahoo.com/quote/JRI/,355.046M,,,,
10225,3,Nok Airlines Public Company Limited,NOKFF,https://finance.yahoo.com/quote/NOKFF/,354.273M,,,,
10226,3,Artesian Resources Corporation,ARTNA,https://finance.yahoo.com/quote/ARTNA/,352.998M,,,,
10227,3,Putnam Premier Income Trust,PPT,https://finance.yahoo.com/quote/PPT/,351.801M,,,,
10228,3,PGD ECO SOLUTIONS INC,PGDE,https://finance.yahoo.com/quote/PGDE/,350.986M,,,,
10229,3,WEBUY GLOBAL LTD.,WBUY,https://finance.yahoo.com/quote/WBUY/,349.751M,,,,
10230,3,Eaton Vance Senior Floating-Rate Trust,EFR,https://finance.yahoo.com/quote/EFR/,349.244M,,,,
10231,3,Nuveen New York Quality Municipal Income Fund,NAN,https://finance.yahoo.com/quote/NAN/,349.067M,,,,
10232,3,--,DHAWF,https://finance.yahoo.com/quote/DHAWF/,348.294M,,,,
10233,3,DWS Municipal Income Trust,KTF,https://finance.yahoo.com/quote/KTF/,348.246M,,,,
10234,3,"Fukui Computer Holdings,Inc.",FKCIF,https://finance.yahoo.com/quote/FKCIF/,342.175M,,,,
10235,3,DDC Enterprise Limited,DDC,https://finance.yahoo.com/quote/DDC/,341.172M,,,,
10236,3,Mesabi Trust,MSB,https://finance.yahoo.com/quote/MSB/,340.989M,,,,
10237,3,Top KingWin Ltd,WAI,https://finance.yahoo.com/quote/WAI/,340.319M,,,,
10238,3,PIMCO Income Strategy Fund,PFL,https://finance.yahoo.com/quote/PFL/,339.556M,,,,
10239,3,HCM II Acquisition Corp.,HOND,https://finance.yahoo.com/quote/HOND/,338.675M,,,,
10240,3,abrdn Global Premier Properties Fund,AWP,https://finance.yahoo.com/quote/AWP/,338.667M,,,,
10241,3,Clinuvel Pharmaceuticals Limited,CLVLY,https://finance.yahoo.com/quote/CLVLY/,338.41M,,,,
10242,3,John Hancock Preferred Income Fund II,HPF,https://finance.yahoo.com/quote/HPF/,337.225M,,,,
10243,3,Abrdn Life Sciences Investors,HQL,https://finance.yahoo.com/quote/HQL/,336.685M,,,,
10244,3,FDM Group (Holdings) plc,FDDMF,https://finance.yahoo.com/quote/FDDMF/,336.244M,,,,
10245,3,"Cohen & Steers Closed-End Opportunity Fund, Inc.",FOF,https://finance.yahoo.com/quote/FOF/,335.59M,,,,
10246,3,Highland Funds I - Highland Opportunities and Income Fund,HFRO,https://finance.yahoo.com/quote/HFRO/,334.539M,,,,
10247,3,The Gabelli Utility Trust,GUT-PC,https://finance.yahoo.com/quote/GUT-PC/,332.309M,,,,
10248,3,--,IARLF,https://finance.yahoo.com/quote/IARLF/,332.102M,,,,
10249,3,KKR Income Opportunities Fund,KIO,https://finance.yahoo.com/quote/KIO/,330.326M,,,,
10250,3,BlackRock Energy and Resources Trust,BGR,https://finance.yahoo.com/quote/BGR/,328.711M,,,,
10251,3,Saba Capital Income & Opportunities Fund,BRW,https://finance.yahoo.com/quote/BRW/,327.477M,,,,
10252,3,"BlackRock MuniYield Michigan Quality Fund, Inc.",MIY,https://finance.yahoo.com/quote/MIY/,327.302M,,,,
10253,3,Voyager Acquisition Corp.,VACH,https://finance.yahoo.com/quote/VACH/,326.686M,,,,
10254,3,BlackRock California Municipal Income Trust,BFZ,https://finance.yahoo.com/quote/BFZ/,324.988M,,,,
10255,3,M3-Brigade Acquisition V Corp.,MBAVU,https://finance.yahoo.com/quote/MBAVU/,324.625M,,,,
10256,3,Eaton Vance Floating-Rate Income Trust,EFT,https://finance.yahoo.com/quote/EFT/,322.879M,,,,
10257,3,"Cohen & Steers Total Return Realty Fund, Inc.",RFI,https://finance.yahoo.com/quote/RFI/,322.345M,,,,
10258,3,Hi-Lex Corporation,HLXFF,https://finance.yahoo.com/quote/HLXFF/,322.193M,,,,
10259,3,"Morgan Stanley Emerging Markets Domestic Debt Fund, Inc.",EDD,https://finance.yahoo.com/quote/EDD/,322.103M,,,,
10260,3,"Blue Star Global, Inc.",BUSC,https://finance.yahoo.com/quote/BUSC/,321.271M,,,,
10261,3,HCW Biologics Inc.,HCWB,https://finance.yahoo.com/quote/HCWB/,321.136M,,,,
10262,3,SIM Acquisition Corp. I,SIMA,https://finance.yahoo.com/quote/SIMA/,319.24M,,,,
10263,3,WiMi Hologram Cloud Inc.,WIMI,https://finance.yahoo.com/quote/WIMI/,317.212M,,,,
10264,3,The Connecticut Light and Power Company,CNLPL,https://finance.yahoo.com/quote/CNLPL/,316.848M,,,,
10265,3,"Liberty All-Star Growth Fund, Inc.",ASG,https://finance.yahoo.com/quote/ASG/,315.817M,,,,
10266,3,Nuveen Core Plus Impact Fund,NPCT,https://finance.yahoo.com/quote/NPCT/,315.155M,,,,
10267,3,ACG Metals Limited,ACGAF,https://finance.yahoo.com/quote/ACGAF/,312.992M,,,,
10268,3,Virtus Convertible & Income Fund II,NCZ-PA,https://finance.yahoo.com/quote/NCZ-PA/,311.623M,,,,
10269,3,Calamos Long/Short Equity & Dynamic Income Term Trust,CPZ,https://finance.yahoo.com/quote/CPZ/,310.778M,,,,
10270,3,Skellerup Holdings Limited,SKLUY,https://finance.yahoo.com/quote/SKLUY/,309.789M,,,,
10271,3,Nuveen S&P 500 Dynamic Overwrite Fund,SPXX,https://finance.yahoo.com/quote/SPXX/,309.451M,,,,
10272,3,"RiverNorth Flexible Municipal Income Fund II, Inc.",RFMZ,https://finance.yahoo.com/quote/RFMZ/,309.268M,,,,
10273,3,San Juan Basin Royalty Trust,SJT,https://finance.yahoo.com/quote/SJT/,306.686M,,,,
10274,3,MFS Intermediate Income Trust,MIN,https://finance.yahoo.com/quote/MIN/,305.552M,,,,
10275,3,Andretti Acquisition Corp. II,POLE,https://finance.yahoo.com/quote/POLE/,304.691M,,,,
10276,3,"PIMCO Strategic Income Fund, Inc.",RCS,https://finance.yahoo.com/quote/RCS/,303.851M,,,,
10277,3,--,WSEWF,https://finance.yahoo.com/quote/WSEWF/,299.195M,,,,
10278,3,Tullow Oil plc,TUWOY,https://finance.yahoo.com/quote/TUWOY/,297.729M,,,,
10279,3,BrainChip Holdings Ltd,BRCHF,https://finance.yahoo.com/quote/BRCHF/,297.416M,,,,
10280,3,"BlackRock MuniHoldings New York Quality Fund, Inc.",MHN,https://finance.yahoo.com/quote/MHN/,296.67M,,,,
10281,3,Stella Chemifa Corporation,SLAHF,https://finance.yahoo.com/quote/SLAHF/,296.316M,,,,
10282,3,"AllianceBernstein National Municipal Income Fund, Inc.",AFB,https://finance.yahoo.com/quote/AFB/,295.785M,,,,
10283,3,Virtus Global Dividend & Income Fund Inc.,ZTR,https://finance.yahoo.com/quote/ZTR/,292.915M,,,,
10284,3,Nuveen Global High Income Fund,JGH,https://finance.yahoo.com/quote/JGH/,292.731M,,,,
10285,3,"Tempest Therapeutics, Inc.",TPST,https://finance.yahoo.com/quote/TPST/,292.402M,,,,
10286,3,Neuberger Berman Municipal Fund Inc.,NBH,https://finance.yahoo.com/quote/NBH/,291.442M,,,,
10287,3,INFICON Holding AG,IFCNF,https://finance.yahoo.com/quote/IFCNF/,287.148M,,,,
10288,3,DoubleLine Opportunistic Credit Fund,DBL,https://finance.yahoo.com/quote/DBL/,286.858M,,,,
10289,3,Nuveen Preferred Securities & Income Opportunities Fund,JPI,https://finance.yahoo.com/quote/JPI/,283.972M,,,,
10290,3,--,CIGMF,https://finance.yahoo.com/quote/CIGMF/,283.562M,,,,
10291,3,Lionheart Holdings,CUBWU,https://finance.yahoo.com/quote/CUBWU/,283.2M,,,,
10292,3,Moolec Science SA,MLEC,https://finance.yahoo.com/quote/MLEC/,282.621M,,,,
10293,3,ForFarmers N.V.,FRFBF,https://finance.yahoo.com/quote/FRFBF/,281.422M,,,,
10294,3,BlackRock Floating Rate Income Trust,BGT,https://finance.yahoo.com/quote/BGT/,280.288M,,,,
10295,3,Nuveen California Municipal Value Fund,NCA,https://finance.yahoo.com/quote/NCA/,280.095M,,,,
10296,3,Immutep Limited,IMMP,https://finance.yahoo.com/quote/IMMP/,279.454M,,,,
10297,3,"abrdn Emerging Markets ex-China Fund, Inc.",AEF,https://finance.yahoo.com/quote/AEF/,277.612M,,,,
10298,3,Fixstars Corporation,FXSRF,https://finance.yahoo.com/quote/FXSRF/,276.725M,,,,
10299,3,"BNY Mellon Strategic Municipal Bond Fund, Inc.",DSM,https://finance.yahoo.com/quote/DSM/,274.824M,,,,
10300,3,Famous Brands Limited,FMBRF,https://finance.yahoo.com/quote/FMBRF/,274.149M,,,,
10301,3,Braemar Hotels & Resorts Inc.,BHR-PB,https://finance.yahoo.com/quote/BHR-PB/,274.146M,,,,
10302,3,Invesco Municipal Income Opportunities Trust,OIA,https://finance.yahoo.com/quote/OIA/,272.143M,,,,
10303,3,NYLI MacKay DefinedTerm Muni Opportunities Fund,MMD,https://finance.yahoo.com/quote/MMD/,271.364M,,,,
10304,3,"Japan Smaller Capitalization Fund, Inc.",JOF,https://finance.yahoo.com/quote/JOF/,270.872M,,,,
10305,3,Putnam Managed Municipal Income Trust,PMM,https://finance.yahoo.com/quote/PMM/,269.634M,,,,
10306,3,Rivernorth Managed Duration Municipal Income Fund Inc.,RMM,https://finance.yahoo.com/quote/RMM/,269.446M,,,,
10307,3,MicroAlgo Inc.,MLGO,https://finance.yahoo.com/quote/MLGO/,269.267M,,,,
10308,3,BlackRock Municipal Income Quality Trust,BYM,https://finance.yahoo.com/quote/BYM/,269.135M,,,,
10309,3,Corby Spirit and Wine Limited,CRBBF,https://finance.yahoo.com/quote/CRBBF/,268.496M,,,,
10310,3,VISTA GROUP INTERNATIONAL LIMIT,VGLIF,https://finance.yahoo.com/quote/VGLIF/,267.636M,,,,
10311,3,Western Asset High Yield Defined Opportunity Fund Inc.,HYI,https://finance.yahoo.com/quote/HYI/,267.168M,,,,
10312,3,Templeton Emerging Markets Income Fund,TEI,https://finance.yahoo.com/quote/TEI/,266.652M,,,,
10313,3,K-Bro Linen Inc.,KBRLF,https://finance.yahoo.com/quote/KBRLF/,264.946M,,,,
10314,3,MFS Charter Income Trust,MCR,https://finance.yahoo.com/quote/MCR/,264.274M,,,,
10315,3,"Morgan Stanley India Investment Fund, Inc.",IIF,https://finance.yahoo.com/quote/IIF/,263.876M,,,,
10316,3,Dream International Limited,DRMMF,https://finance.yahoo.com/quote/DRMMF/,261.995M,,,,
10317,3,APAC Resources Limited,APPCF,https://finance.yahoo.com/quote/APPCF/,261.56M,,,,
10318,3,Capital Limited,CAPFF,https://finance.yahoo.com/quote/CAPFF/,261.48M,,,,
10319,3,Allspring Multi-Sector Income Fund,ERC,https://finance.yahoo.com/quote/ERC/,261.216M,,,,
10320,3,"RiverNorth Opportunities Fund, Inc.",RIV,https://finance.yahoo.com/quote/RIV/,260.013M,,,,
10321,3,abrdn Global Dynamic Dividend,AGD,https://finance.yahoo.com/quote/AGD/,258.348M,,,,
10322,3,"The Taiwan Fund, Inc.",TWN,https://finance.yahoo.com/quote/TWN/,257.06M,,,,
10323,3,MFS Multimarket Income Trust,MMT,https://finance.yahoo.com/quote/MMT/,256.609M,,,,
10324,3,North American Financial 15 Split Corp.,FNCSF,https://finance.yahoo.com/quote/FNCSF/,256.521M,,,,
10325,3,First Trust Senior Floating Rate Income Fund II,FCT,https://finance.yahoo.com/quote/FCT/,255.677M,,,,
10326,3,"Asahi Co., Ltd.",AAHIF,https://finance.yahoo.com/quote/AAHIF/,255.117M,,,,
10327,3,"Ashford Hospitality Trust, Inc.",AHT-PG,https://finance.yahoo.com/quote/AHT-PG/,255.105M,,,,
10328,3,"Dainichiseika Color & Chemicals Mfg. Co., Ltd.",DCHCF,https://finance.yahoo.com/quote/DCHCF/,252.881M,,,,
10329,3,Eaton Vance National Municipal Opportunities Trust,EOT,https://finance.yahoo.com/quote/EOT/,252.655M,,,,
10330,3,Cohen & Steers Real Estate Opportunities & Income Fund,RLTY,https://finance.yahoo.com/quote/RLTY/,251.839M,,,,
10331,3,Canadian Banc Corp.,CNDCF,https://finance.yahoo.com/quote/CNDCF/,251.158M,,,,
10332,3,Capricorn Energy PLC,CRNCY,https://finance.yahoo.com/quote/CRNCY/,248.104M,,,,
10333,3,"BlackRock Income Trust, Inc.",BKT,https://finance.yahoo.com/quote/BKT/,245.252M,,,,
10334,3,Saba Capital Income & Opportunities Fund II,SABA,https://finance.yahoo.com/quote/SABA/,244.691M,,,,
10335,3,"Templeton Dragon Fund, Inc.",TDF,https://finance.yahoo.com/quote/TDF/,243.643M,,,,
10336,3,BEST MART 360 HLDGS LTD,BMTHF,https://finance.yahoo.com/quote/BMTHF/,243.49M,,,,
10337,3,Nuveen AMT-Free Municipal Value Fund,NUW,https://finance.yahoo.com/quote/NUW/,242.881M,,,,
10338,3,Nuveen Core Equity Alpha Fund,JCE,https://finance.yahoo.com/quote/JCE/,241.908M,,,,
10339,3,SIM Acquisition Corp. I,SIMAU,https://finance.yahoo.com/quote/SIMAU/,241.5M,,,,
10340,3,Sun International Limited,SVUFF,https://finance.yahoo.com/quote/SVUFF/,241.263M,,,,
10341,3,Launch One Acquisition Corp.,LPAAU,https://finance.yahoo.com/quote/LPAAU/,240.35M,,,,
10342,3,--,FRRGF,https://finance.yahoo.com/quote/FRRGF/,238.469M,,,,
10343,3,The Connecticut Light and Power Company,CNTHN,https://finance.yahoo.com/quote/CNTHN/,236.157M,,,,
10344,3,Invesco Pennsylvania Value Municipal Income Trust,VPV,https://finance.yahoo.com/quote/VPV/,235.674M,,,,
10345,3,"Cohen & Steers Select Preferred and Income Fund, Inc.",PSF,https://finance.yahoo.com/quote/PSF/,234.79M,,,,
10346,3,--,LFHLF,https://finance.yahoo.com/quote/LFHLF/,233.767M,,,,
10347,3,BlackRock New York Municipal Income Trust,BNY,https://finance.yahoo.com/quote/BNY/,232.73M,,,,
10348,3,"Ichinen Holdings Co.,Ltd.",ICHHF,https://finance.yahoo.com/quote/ICHHF/,231.212M,,,,
10349,3,Mpact Limited,MPPTF,https://finance.yahoo.com/quote/MPPTF/,229.655M,,,,
10350,3,Jutal Offshore Oil Services Limited,JUTOF,https://finance.yahoo.com/quote/JUTOF/,229.552M,,,,
10351,3,Nuveen Real Estate Income Fund,JRS,https://finance.yahoo.com/quote/JRS/,228.829M,,,,
10352,3,"Morgan Stanley China A Share Fund, Inc.",CAF,https://finance.yahoo.com/quote/CAF/,228.745M,,,,
10353,3,Virtus Diversified Income & Convertible Fund,ACV,https://finance.yahoo.com/quote/ACV/,228.643M,,,,
10354,3,PIMCO Municipal Income Fund III,PMX,https://finance.yahoo.com/quote/PMX/,227.31M,,,,
10355,3,JZ Capital Partners Limited,JZCLF,https://finance.yahoo.com/quote/JZCLF/,227.188M,,,,
10356,3,Pacific Textiles Holdings Limited,PTEXF,https://finance.yahoo.com/quote/PTEXF/,227.047M,,,,
10357,3,Sky Blue 11 Company Limited,PIHLF,https://finance.yahoo.com/quote/PIHLF/,226.59M,,,,
10358,3,PT Global Mediacom Tbk,PTGOF,https://finance.yahoo.com/quote/PTGOF/,226.154M,,,,
10359,3,Wells Fargo Advantage Funds - Allspring Global Dividend Opportunity Fund,EOD,https://finance.yahoo.com/quote/EOD/,225.665M,,,,
10360,3,Silence Therapeutics plc,SLNCF,https://finance.yahoo.com/quote/SLNCF/,225.214M,,,,
10361,3,Cherry Hill Mortgage Investment Corporation,CHMI-PA,https://finance.yahoo.com/quote/CHMI-PA/,224.995M,,,,
10362,3,Clough Global Opportunities Fund,GLO,https://finance.yahoo.com/quote/GLO/,224.43M,,,,
10363,3,Valuetronics Holdings Limited,VHLGF,https://finance.yahoo.com/quote/VHLGF/,224.315M,,,,
10364,3,"SANUWAVE Health, Inc.",SNWV,https://finance.yahoo.com/quote/SNWV/,223.893M,,,,
10365,3,Syrah Resources Limited,SRHYY,https://finance.yahoo.com/quote/SRHYY/,222.501M,,,,
10366,3,DATELINE RESOURCES,DTREF,https://finance.yahoo.com/quote/DTREF/,221.431M,,,,
10367,3,Dividend 15 Split Corp.,DVSPF,https://finance.yahoo.com/quote/DVSPF/,220.4M,,,,
10368,3,Onward Medical N.V.,ONWRF,https://finance.yahoo.com/quote/ONWRF/,219.07M,,,,
10369,3,Eaton Vance California Municipal Bond Fund,EVM,https://finance.yahoo.com/quote/EVM/,217.368M,,,,
10370,3,The Connecticut Light and Power Company,CNLHP,https://finance.yahoo.com/quote/CNLHP/,217.267M,,,,
10371,3,Panamera Holdings Corporation,PHCI,https://finance.yahoo.com/quote/PHCI/,216.238M,,,,
10372,3,"Ashford Hospitality Trust, Inc.",AHT-PF,https://finance.yahoo.com/quote/AHT-PF/,216.048M,,,,
10373,3,PT Bumi Resources Tbk,PBMRF,https://finance.yahoo.com/quote/PBMRF/,216.024M,,,,
10374,3,"Shinko Shoji Co., Ltd.",SKSJF,https://finance.yahoo.com/quote/SKSJF/,215.88M,,,,
10375,3,"Sprott Focus Trust, Inc.",FUND,https://finance.yahoo.com/quote/FUND/,215.491M,,,,
10376,3,Genfit S.A.,GNFT,https://finance.yahoo.com/quote/GNFT/,215.259M,,,,
10377,3,The Connecticut Light and Power Company,CNLTP,https://finance.yahoo.com/quote/CNLTP/,215.155M,,,,
10378,3,1812 Brewing Company Inc.,KEGS,https://finance.yahoo.com/quote/KEGS/,215.014M,,,,
10379,3,"Ashford Hospitality Trust, Inc.",AHT-PI,https://finance.yahoo.com/quote/AHT-PI/,213.758M,,,,
10380,3,"South Dakota Soybean Processors, LLC",SDSYA,https://finance.yahoo.com/quote/SDSYA/,212.933M,,,,
10381,3,"AG Mortgage Investment Trust, Inc.",MITT,https://finance.yahoo.com/quote/MITT/,212.766M,,,,
10382,3,"BlackRock MuniYield Quality Fund II, Inc.",MQT,https://finance.yahoo.com/quote/MQT/,211.799M,,,,
10383,3,Tectonic Metals Inc.,TETOF,https://finance.yahoo.com/quote/TETOF/,211.533M,,,,
10384,3,"Ashford Hospitality Trust, Inc.",AHT-PH,https://finance.yahoo.com/quote/AHT-PH/,211.273M,,,,
10385,3,"BlackRock MuniVest Fund II, Inc.",MVT,https://finance.yahoo.com/quote/MVT/,210.283M,,,,
10386,3,MFS Municipal Income Trust,MFM,https://finance.yahoo.com/quote/MFM/,209.439M,,,,
10387,3,Investcorp Europe Acquisition Corp I,IVCB,https://finance.yahoo.com/quote/IVCB/,208.744M,,,,
10388,3,PIMCO Municipal Income Fund,PMF,https://finance.yahoo.com/quote/PMF/,208.457M,,,,
10389,3,"BlackRock MuniHoldings Quality Fund II, Inc.",MUE,https://finance.yahoo.com/quote/MUE/,208.441M,,,,
10390,3,Rezolve AI PLC,RZLV,https://finance.yahoo.com/quote/RZLV/,208.341M,,,,
10391,3,"Pioneer Municipal High Income Fund, Inc.",MHI,https://finance.yahoo.com/quote/MHI/,206.763M,,,,
10392,3,Templeton Emerging Markets Fund,EMF,https://finance.yahoo.com/quote/EMF/,205.614M,,,,
10393,3,LICT Corporation,LICT,https://finance.yahoo.com/quote/LICT/,205.096M,,,,
10394,3,ioneer Ltd,IONR,https://finance.yahoo.com/quote/IONR/,204.494M,,,,
10395,3,Premier Miton Group plc,PASMF,https://finance.yahoo.com/quote/PASMF/,204.139M,,,,
10396,3,"RiverNorth/DoubleLine Strategic Opportunity Fund, Inc.",OPP,https://finance.yahoo.com/quote/OPP/,201.924M,,,,
10397,3,Sol-Gel Technologies Ltd.,SLGL,https://finance.yahoo.com/quote/SLGL/,201.689M,,,,
10398,3,Diana Shipping Inc.,DSX,https://finance.yahoo.com/quote/DSX/,201.551M,,,,
10399,3,Nuveen Virginia Quality Municipal Income Fund,NPV,https://finance.yahoo.com/quote/NPV/,200.127M,,,,
10400,3,"Aeluma, Inc.",ALMU,https://finance.yahoo.com/quote/ALMU/,200.091M,,,,
10401,3,"Pioneer Municipal High Income Opportunities Fund, Inc.",MIO,https://finance.yahoo.com/quote/MIO/,199.415M,,,,
10402,3,The Connecticut Light and Power Company,CNLPM,https://finance.yahoo.com/quote/CNLPM/,199.162M,,,,
10403,3,"City Office REIT, Inc.",CIO,https://finance.yahoo.com/quote/CIO/,198.763M,,,,
10404,3,"SharpLink Gaming, Inc.",SBET,https://finance.yahoo.com/quote/SBET/,198.516M,,,,
10405,3,The Connecticut Light and Power Company,CNPWP,https://finance.yahoo.com/quote/CNPWP/,198.015M,,,,
10406,3,Highland Global Allocation Fund,HGLB,https://finance.yahoo.com/quote/HGLB/,197.697M,,,,
10407,3,"Pioneer Municipal High Income Advantage Fund, Inc.",MAV,https://finance.yahoo.com/quote/MAV/,197.533M,,,,
10408,3,The Connecticut Light and Power Company,CNPWM,https://finance.yahoo.com/quote/CNPWM/,197.17M,,,,
10409,3,Invesco Trust for Investment Grade New York Municipals,VTN,https://finance.yahoo.com/quote/VTN/,197.115M,,,,
10410,3,Cliq Digital AG,CLQDF,https://finance.yahoo.com/quote/CLQDF/,197.081M,,,,
10411,3,BrainsWay Ltd.,BWAY,https://finance.yahoo.com/quote/BWAY/,197M,,,,
10412,3,Eaton Vance Municipal Income 2028 Term Trust,ETX,https://finance.yahoo.com/quote/ETX/,196.623M,,,,
10413,3,"CytomX Therapeutics, Inc.",CTMX,https://finance.yahoo.com/quote/CTMX/,196.43M,,,,
10414,3,EROAD Limited,ERDLF,https://finance.yahoo.com/quote/ERDLF/,196.06M,,,,
10415,3,Netcall plc,NCLLF,https://finance.yahoo.com/quote/NCLLF/,194.862M,,,,
10416,3,Central China Management Company Limited,CCHMF,https://finance.yahoo.com/quote/CCHMF/,193.281M,,,,
10417,3,First United Corporation,FUNC,https://finance.yahoo.com/quote/FUNC/,193.218M,,,,
10418,3,The Connecticut Light and Power Company,CNLHN,https://finance.yahoo.com/quote/CNLHN/,193.126M,,,,
10419,3,Western Asset Inflation-Linked Income Fund,WIA,https://finance.yahoo.com/quote/WIA/,190.776M,,,,
10420,3,"The New Germany Fund, Inc.",GF,https://finance.yahoo.com/quote/GF/,190.725M,,,,
10421,3,Franklin Universal Trust,FT,https://finance.yahoo.com/quote/FT/,188.992M,,,,
10422,3,Ten Pao Group Holdings Limited,TNPOF,https://finance.yahoo.com/quote/TNPOF/,187.703M,,,,
10423,3,Barings Participation Investors,MPV,https://finance.yahoo.com/quote/MPV/,187.074M,,,,
10424,3,Urbana Corporation,UBAAF,https://finance.yahoo.com/quote/UBAAF/,185.979M,,,,
10425,3,BlackRock Investment Quality Municipal Trust Inc.,BKN,https://finance.yahoo.com/quote/BKN/,185.823M,,,,
10426,3,"Global Ferronickel Holdings, Inc.",SUAFF,https://finance.yahoo.com/quote/SUAFF/,184.952M,,,,
10427,3,"BNY Mellon Municipal Bond Infrastructure Fund, Inc.",DMB,https://finance.yahoo.com/quote/DMB/,184.06M,,,,
10428,3,Television Broadcasts Limited,TVBCY,https://finance.yahoo.com/quote/TVBCY/,184.053M,,,,
10429,3,BNY Mellon High Yield Strategies Fund,DHF,https://finance.yahoo.com/quote/DHF/,183.296M,,,,
10430,3,Braemar Hotels & Resorts Inc.,BHR,https://finance.yahoo.com/quote/BHR/,182.994M,,,,
10431,3,Life & Banc Split Corp.,LFBCF,https://finance.yahoo.com/quote/LFBCF/,182.881M,,,,
10432,3,Melar Acquisition Corp. I,MACIU,https://finance.yahoo.com/quote/MACIU/,182.85M,,,,
10433,3,The Connecticut Light and Power Company,CNLTL,https://finance.yahoo.com/quote/CNLTL/,182.565M,,,,
10434,3,Innate Pharma S.A.,IPHA,https://finance.yahoo.com/quote/IPHA/,180.539M,,,,
10435,3,ARB IOT Group Limited,ARBB,https://finance.yahoo.com/quote/ARBB/,179.775M,,,,
10436,3,"Safe Bulkers, Inc.",SB-PD,https://finance.yahoo.com/quote/SB-PD/,178.737M,,,,
10437,3,"Safe Bulkers, Inc.",SB-PC,https://finance.yahoo.com/quote/SB-PC/,178.6M,,,,
10438,3,Western Asset Investment Grade Opportunity Trust Inc.,IGI,https://finance.yahoo.com/quote/IGI/,176.822M,,,,
10439,3,Invesco Bond Fund,VBF,https://finance.yahoo.com/quote/VBF/,175.501M,,,,
10440,3,Rottneros AB (publ),RTTNY,https://finance.yahoo.com/quote/RTTNY/,175.229M,,,,
10441,3,Flaherty & Crumrine Total Return Fund Inc.,FLC,https://finance.yahoo.com/quote/FLC/,173.792M,,,,
10442,3,Soliton Systems K.K.,SYKKF,https://finance.yahoo.com/quote/SYKKF/,173.061M,,,,
10443,3,Amaero Ltd,AMROF,https://finance.yahoo.com/quote/AMROF/,171.938M,,,,
10444,3,"Cardio Diagnostics Holdings, Inc.",CDIO,https://finance.yahoo.com/quote/CDIO/,171.869M,,,,
10445,3,PIMCO California Municipal Income Fund II,PCK,https://finance.yahoo.com/quote/PCK/,170.618M,,,,
10446,3,Western Asset Global Corporate Defined Opportunity Fund Inc.,GDO,https://finance.yahoo.com/quote/GDO/,170.421M,,,,
10447,3,"Voya Infrastructure, Industrials and Materials Fund",IDE,https://finance.yahoo.com/quote/IDE/,170.357M,,,,
10448,3,--,EBRCZ,https://finance.yahoo.com/quote/EBRCZ/,168.889M,,,,
10449,3,EUROPEAN RESIDENTIAL REIT,EREUF,https://finance.yahoo.com/quote/EREUF/,167.826M,,,,
10450,3,Altisource Portfolio Solutions S.A.,ASPS,https://finance.yahoo.com/quote/ASPS/,166.576M,,,,
10451,3,"NeOnc Technologies Holdings, Inc.",NTHI,https://finance.yahoo.com/quote/NTHI/,166.493M,,,,
10452,3,Bexil Investment Trust,BXSY,https://finance.yahoo.com/quote/BXSY/,166.188M,,,,
10453,3,Black Spade Acquisition II Co,BSIIU,https://finance.yahoo.com/quote/BSIIU/,165.945M,,,,
10454,3,Singulus Technologies AG,SGTSF,https://finance.yahoo.com/quote/SGTSF/,165.515M,,,,
10455,3,Eaton Vance New York Municipal Bond Fund,ENX,https://finance.yahoo.com/quote/ENX/,165.064M,,,,
10456,3,"Zhengduozhe Technology, Inc",KAST,https://finance.yahoo.com/quote/KAST/,164.565M,,,,
10457,3,DBV Technologies S.A.,DBVT,https://finance.yahoo.com/quote/DBVT/,162.929M,,,,
10458,3,ESH Acquisition Corp.,ESHA,https://finance.yahoo.com/quote/ESHA/,161.434M,,,,
10459,3,Putnam Master Intermediate Income Trust,PIM,https://finance.yahoo.com/quote/PIM/,160.936M,,,,
10460,3,Outdoor Holding Company,POWW,https://finance.yahoo.com/quote/POWW/,160.322M,,,,
10461,3,"Bitmine Immersion Technologies, Inc.",BMNR,https://finance.yahoo.com/quote/BMNR/,159.72M,,,,
10462,3,"Fold Holdings, Inc.",FLD,https://finance.yahoo.com/quote/FLD/,159.275M,,,,
10463,3,PIMCO California Municipal Income Fund,PCQ,https://finance.yahoo.com/quote/PCQ/,159.061M,,,,
10464,3,"AVITA Medical, Inc.",RCEL,https://finance.yahoo.com/quote/RCEL/,158.354M,,,,
10465,3,CEL-SCI Corporation,CVM,https://finance.yahoo.com/quote/CVM/,158.242M,,,,
10466,3,Ecofin Sustainable and Social Impact Term Fund,TEAF,https://finance.yahoo.com/quote/TEAF/,156.092M,,,,
10467,3,"Morgan Stanley Emerging Markets Debt Fund, Inc.",MSD,https://finance.yahoo.com/quote/MSD/,155.869M,,,,
10468,3,Sprott Physical Platinum & Palladium Tr,SPPP,https://finance.yahoo.com/quote/SPPP/,154.996M,,,,
10469,3,Blackstone Long-Short Credit Income Fund,BGX,https://finance.yahoo.com/quote/BGX/,154.66M,,,,
10470,3,"Aztec Land and Cattle Company, Limited",AZLCZ,https://finance.yahoo.com/quote/AZLCZ/,154.51M,,,,
10471,3,Nuveen New York Municipal Value Fund,NNY,https://finance.yahoo.com/quote/NNY/,154.488M,,,,
10472,3,Voya Global Advantage and Premium Opportunity Fund,IGA,https://finance.yahoo.com/quote/IGA/,153.659M,,,,
10473,3,NOVONIX Limited,NVNXF,https://finance.yahoo.com/quote/NVNXF/,153.321M,,,,
10474,3,"Cedar Realty Trust, Inc.",CDR-PC,https://finance.yahoo.com/quote/CDR-PC/,149.845M,,,,
10475,3,SuperX AI Technology Limited,JUNE,https://finance.yahoo.com/quote/JUNE/,149.585M,,,,
10476,3,"Spero Therapeutics, Inc.",SPRO,https://finance.yahoo.com/quote/SPRO/,149.38M,,,,
10477,3,Cellectis S.A.,CLLS,https://finance.yahoo.com/quote/CLLS/,149.14M,,,,
10478,3,The Gabelli Healthcare & Wellness Trust,GRX,https://finance.yahoo.com/quote/GRX/,148.942M,,,,
10479,3,Blackrock 2037 Municipal Target Term Trust,BMN,https://finance.yahoo.com/quote/BMN/,148.773M,,,,
10480,3,Dynagas LNG Partners LP,DLNG-PA,https://finance.yahoo.com/quote/DLNG-PA/,148.521M,,,,
10481,3,Eaton Vance Short Duration Diversified Income Fund,EVG,https://finance.yahoo.com/quote/EVG/,145.181M,,,,
10482,3,"BNY Mellon Municipal Income, Inc.",DMF,https://finance.yahoo.com/quote/DMF/,144.263M,,,,
10483,3,CAB Payments Holdings Limited,CABPF,https://finance.yahoo.com/quote/CABPF/,143.826M,,,,
10484,3,Tavia Acquisition Corp.,TAVIU,https://finance.yahoo.com/quote/TAVIU/,143.276M,,,,
10485,3,Virtus Stone Harbor Emerging Markets Income Fund,EDF,https://finance.yahoo.com/quote/EDF/,142.97M,,,,
10486,3,ORA BANDA MINING LTD,ESGFF,https://finance.yahoo.com/quote/ESGFF/,142.579M,,,,
10487,3,Flaherty & Crumrine Preferred Income Fund Inc.,PFD,https://finance.yahoo.com/quote/PFD/,142.021M,,,,
10488,3,Photocure ASA,PHCUF,https://finance.yahoo.com/quote/PHCUF/,140.332M,,,,
10489,3,BlackRock MuniYield Pennsylvania Quality Fund,MPA,https://finance.yahoo.com/quote/MPA/,139.856M,,,,
10490,3,Molecular Partners AG,MOLN,https://finance.yahoo.com/quote/MOLN/,139.612M,,,,
10491,3,PIMCO California Municipal Income Fund III,PZC,https://finance.yahoo.com/quote/PZC/,138.976M,,,,
10492,3,Carbios SAS,COOSF,https://finance.yahoo.com/quote/COOSF/,138.214M,,,,
10493,3,Ellsworth Growth and Income Fund Ltd.,ECF,https://finance.yahoo.com/quote/ECF/,135.7M,,,,
10494,3,Legg Mason BW Global Income Opportunities Fund Inc.,BWG,https://finance.yahoo.com/quote/BWG/,135.342M,,,,
10495,3,"Muliang Viagoo Technology, Inc.",MULG,https://finance.yahoo.com/quote/MULG/,134.762M,,,,
10496,3,Nuveen Arizona Quality Municipal Income Fund,NAZ,https://finance.yahoo.com/quote/NAZ/,133.753M,,,,
10497,3,AIFU Inc.,AIFU,https://finance.yahoo.com/quote/AIFU/,132.129M,,,,
10498,3,Piedmont Lithium Inc.,PLL,https://finance.yahoo.com/quote/PLL/,131.13M,,,,
10499,3,John Hancock Income Securities Trust,JHS,https://finance.yahoo.com/quote/JHS/,130.908M,,,,
10500,3,John Hancock Diversified Income Fund,HEQ,https://finance.yahoo.com/quote/HEQ/,127.589M,,,,
10501,3,5G Networks Limited,MLBEF,https://finance.yahoo.com/quote/MLBEF/,126.827M,,,,
10502,3,Bank of Utica,BKUTK,https://finance.yahoo.com/quote/BKUTK/,124.258M,,,,
10503,3,"The China Fund, Inc.",CHN,https://finance.yahoo.com/quote/CHN/,122.772M,,,,
10504,3,"RiverNorth Managed Duration Municipal Income Fund II, Inc.",RMMZ,https://finance.yahoo.com/quote/RMMZ/,122.428M,,,,
10505,3,BlackRock Long-Term Municipal Advantage Trust,BTA,https://finance.yahoo.com/quote/BTA/,121.362M,,,,
10506,3,Federated Hermes Premier Municipal Income Fund,FMN,https://finance.yahoo.com/quote/FMN/,121.305M,,,,
10507,3,"BioSig Technologies, Inc.",BSGM,https://finance.yahoo.com/quote/BSGM/,120.989M,,,,
10508,3,NXG Cushing Midstream Energy Fund,SRV,https://finance.yahoo.com/quote/SRV/,120.933M,,,,
10509,3,"Pioneer Floating Rate Fund, Inc.",PHD,https://finance.yahoo.com/quote/PHD/,120.903M,,,,
10510,3,Blue Moon Metals Inc.,BMOOF,https://finance.yahoo.com/quote/BMOOF/,120.25M,,,,
10511,3,"Servotronics, Inc.",SVT,https://finance.yahoo.com/quote/SVT/,119.334M,,,,
10512,3,abrdn National Municipal Income Fund,VFL,https://finance.yahoo.com/quote/VFL/,118.114M,,,,
10513,3,Tortoise Essential Energy Fund,TPZ,https://finance.yahoo.com/quote/TPZ/,117.921M,,,,
10514,3,Pearl Diver Credit Company Inc.,PDCC,https://finance.yahoo.com/quote/PDCC/,117.579M,,,,
10515,3,Flaherty & Crumrine Preferred Income Opportunity Fund Inc.,PFO,https://finance.yahoo.com/quote/PFO/,117.173M,,,,
10516,3,John Hancock Investors Trust,JHI,https://finance.yahoo.com/quote/JHI/,117.002M,,,,
10517,3,Tecogen Inc.,TGEN,https://finance.yahoo.com/quote/TGEN/,116.548M,,,,
10518,3,Spring Valley Acquisition Corp. II,SVII,https://finance.yahoo.com/quote/SVII/,116.285M,,,,
10519,3,The Gabelli Multimedia Trust Inc.,GGT,https://finance.yahoo.com/quote/GGT/,116.167M,,,,
10520,3,Boston Sand & Gravel Co.,BSND,https://finance.yahoo.com/quote/BSND/,114.75M,,,,
10521,3,Allied Gaming & Entertainment Inc.,AGAE,https://finance.yahoo.com/quote/AGAE/,114.235M,,,,
10522,3,Zenith Energy Ltd.,ZENAF,https://finance.yahoo.com/quote/ZENAF/,114.024M,,,,
10523,3,Procaps Group S.A.,PROC,https://finance.yahoo.com/quote/PROC/,113.952M,,,,
10524,3,Ellsworth Growth and Income Fund Ltd.,ECF-PA,https://finance.yahoo.com/quote/ECF-PA/,113.823M,,,,
10525,3,MicroCloud Hologram Inc.,HOLO,https://finance.yahoo.com/quote/HOLO/,112.582M,,,,
10526,3,Prenetics Global Limited,PRE,https://finance.yahoo.com/quote/PRE/,112.398M,,,,
10527,3,Nuveen Select Maturities Municipal Fund,NIM,https://finance.yahoo.com/quote/NIM/,112.393M,,,,
10528,3,Nuveen Massachusetts Quality Municipal Income Fund,NMT,https://finance.yahoo.com/quote/NMT/,112.315M,,,,
10529,3,"Intellicheck, Inc.",IDN,https://finance.yahoo.com/quote/IDN/,111.064M,,,,
10530,3,"The Korea Fund, Inc.",KF,https://finance.yahoo.com/quote/KF/,110.824M,,,,
10531,3,TruFin plc,TRFNF,https://finance.yahoo.com/quote/TRFNF/,110.689M,,,,
10532,3,MFS High Income Municipal Trust,CXE,https://finance.yahoo.com/quote/CXE/,110.34M,,,,
10533,3,Grayscale Litecoin Trust (LTC),LTCN,https://finance.yahoo.com/quote/LTCN/,109.16M,,,,
10534,3,"Digital Utilities Ventures, Inc.",DUTV,https://finance.yahoo.com/quote/DUTV/,108.449M,,,,
10535,3,The Gabelli Global Small and Mid Cap Value Trust,GGZ,https://finance.yahoo.com/quote/GGZ/,107.218M,,,,
10536,3,Bancroft Fund Ltd.,BCV,https://finance.yahoo.com/quote/BCV/,105.632M,,,,
10537,3,RF Acquisition Corp II,RFAIU,https://finance.yahoo.com/quote/RFAIU/,104.9M,,,,
10538,3,"GAMCO Natural Resources, Gold & Income Trust",GNT,https://finance.yahoo.com/quote/GNT/,103.699M,,,,
10539,3,"Ostin Technology Group Co., Ltd.",OST,https://finance.yahoo.com/quote/OST/,103.616M,,,,
10540,3,"First Commerce Bancorp, Inc.",CMRB,https://finance.yahoo.com/quote/CMRB/,103.423M,,,,
10541,3,"Ekso Bionics Holdings, Inc.",EKSO,https://finance.yahoo.com/quote/EKSO/,102.733M,,,,
10542,3,Snow Lake Resources Ltd.,LITM,https://finance.yahoo.com/quote/LITM/,102.428M,,,,
10543,3,"iCAD, Inc.",ICAD,https://finance.yahoo.com/quote/ICAD/,102.254M,,,,
10544,3,Voya Emerging Markets High Dividend Equity Fund,IHD,https://finance.yahoo.com/quote/IHD/,102.163M,,,,
10545,3,Allspring Utilities and High Income Fund,ERH,https://finance.yahoo.com/quote/ERH/,102.132M,,,,
10546,3,"Pioneer Diversified High Income Fund, Inc.",HNW,https://finance.yahoo.com/quote/HNW/,102.101M,,,,
10547,3,Eastgate Biotech Corp.,ETBI,https://finance.yahoo.com/quote/ETBI/,101.554M,,,,
10548,3,Eaton Vance Senior Income Trust,EVF,https://finance.yahoo.com/quote/EVF/,101.091M,,,,
10549,3,Abrdn Japan Equity Fund Inc,JEQ,https://finance.yahoo.com/quote/JEQ/,100.608M,,,,
10550,3,Carlyle Credit Income Fund,CCIF,https://finance.yahoo.com/quote/CCIF/,100.172M,,,,
10551,3,MFS Government Markets Income Trust,MGF,https://finance.yahoo.com/quote/MGF/,100.052M,,,,
